編號,中文,編號
A1,PM21 P05散漿濃調,FORMULA-DCS_A1
A2,PM21 P06散漿濃調,FORMULA-DCS_A2
A3,PM21 TP01(BCTMP)濃調,FORMULA-DCS_A3
A4,PM21 TP02(LBKP)濃調,FORMULA-DCS_A4
A5,PM21 TP03(NBKP)濃調,FORMULA-DCS_A5
A6,PM21 磨漿機MP12(KW),FORMULA-DCS_A6
A7,PM21 磨漿機MP12流量,FORMULA-DCS_A7
A8,PM21 磨漿機MP13(KW),FORMULA-DCS_A8
A9,PM21 磨漿機MP13/MP14流量,FORMULA-DCS_A9
A10,PM21 磨漿機MP14(KW),FORMULA-DCS_A10
A11,PM21 磨漿機MP15(KW),FORMULA-DCS_A11
A12,PM21 磨漿機MP15/MP16流量,FORMULA-DCS_A12
A13,PM21 磨漿機MP16(KW),FORMULA-DCS_A13
A14,PM21 磨漿機機MP17(KW),FORMULA-DCS_A14
A15,PM21 磨漿漿機MP17/MP18流量,FORMULA-DCS_A15
A16,PM21 磨漿機MP18(KW),FORMULA-DCS_A16
A17,PM21 NBKP流量1(配比1.6),FORMULA-DCS_A17
A18,PM21 NBKP流量2(配比1.6),FORMULA-DCS_A18
A19,PM21 LBKP流量(配比1.6),FORMULA-DCS_A19
A20,PM21 BCTMP流量(配比1.6),FORMULA-DCS_A20
A21,PM21 Coat損紙流量(配比1.6),FORMULA-DCS_A21
A22,PM21 Uncoat損紙流量(配比1.6),FORMULA-DCS_A22
A23,PM21 Coat損紙濃調,FORMULA-DCS_A23
A24,PM21 Uncoat損紙濃調,FORMULA-DCS_A24
A25,PM21 LBKP叩解度,FORMULA-DCS_A25
A26,PM21 NBKP叩解度(MP13.MP14),FORMULA-DCS_A26
A27,PM21 NBKP叩解度(MP15.MP16),FORMULA-DCS_A27
A28,PM21 TB08叩解度,FORMULA-DCS_A28
A29,PM21 Blend 1 濃調,FORMULA-DCS_A29
A30,PM21 Blend 2 濃調,FORMULA-DCS_A30
A31,PM21 M/C TA01液位,FORMULA-DCS_A31
A32,PM21 M/C TA01濃度,FORMULA-DCS_A32
A33,PM21 M/C TA01 叩解度,FORMULA-DCS_A33
A34,PM21 M/C TA01送料泵MPA01流量,FORMULA-DCS_A34
A35,PM21 SILO TA02液位,SHAP-DCS_A35
A36,PM21 MPA02 RPM,SHAP-DCS_A36
A37,PM21 脫氣桶壓力(第一段淨漿機),SHAP-DCS_A37
A38,PM21 脫氣桶真空,SHAP-DCS_A38
A39,PM21 脫氣桶液位,SHAP-DCS_A39
A40,PM21 MPA07 RPM,SHAP-DCS_A40
A41,PM21 頭箱壓力,SHAP-DCS_A41
A42,PM21 稀釋頭箱成形條件控制MP-A200流量,SHAP-DCS_A42
A43,PM21 稀釋頭箱成形條件控制壓力篩入口壓力,SHAP-DCS_A43
A44,PM21 稀釋頭箱成形條件控制壓力篩出口壓力,SHAP-DCS_A44
A45,PM21 稀釋頭箱成形條件控制壓力篩差壓,SHAP-DCS_A45
A46,PM21 稀釋頭箱成形條件控制流量比例,SHAP-DCS_A46
A47,PM21 稀釋頭箱箱壓差,SHAP-DCS_A47
A48,PM21 稀釋箱控制壓力(1),SHAP-DCS_A48
A49,PM21 稀釋頭箱控制壓力(2),SHAP-DCS_A49
A50,PM21 MPA09 RPM,SHAP-DCS_A50
A51,PM21 第二白水 TA03液位,SHAP-DCS_A51
A52,PM21 第一段淨漿機reject壓,SHAP-DCS_A52
A53,PM21 第二段淨漿機入口壓,SHAP-DCS_A53
A54,PM21 第二段淨漿機reject壓,SHAP-DCS_A54
A55,PM21 第三段淨漿機入口壓,SHAP-DCS_A55
A56,PM21 第三段淨漿機reject壓,SHAP-DCS_A56
A57,PM21 第四段淨漿機入口壓,SHAP-DCS_A57
A58,PM21 第四段淨漿機reject壓,SHAP-DCS_A58
A59,PM21 J/W比值,SHAP-DCS_A59
A60,PM21 塗後(捲取REEL)基重BW1,ROLL-DCS_A60
A61,PM21 塗後(捲取REEL)絶乾BD1,ROLL-DCS_A61
A62,PM21 塗後(捲取REEL)水份,ROLL-DCS_A62
A63,PM21 塗佈量,ROLL-DCS_A63
A64,PM21 厚度,ROLL-DCS_A64
A65,PM21 網部車速(71),SHAP-DCS_A65
A66,PM21 塗佈車速,COATER-DCS_A66
A67,PM21 捲取車速,ROLL-DCS_A67
A68,PM21 塗前(SizePress)基重BW2,BCDRY-DCS_A68
A69,PM21 塗前(SizePress)絶乾BD2,BCDRY-DCS_A69
A70,PM21 塗前(SizePress)水份PV,BCDRY-DCS_A70
A71,PM21 Ash灰份(SizePress),BCDRY-DCS_A71
A72,PM21 壓榨部脫水部第二線壓,PRESSDRY-DCS_A72
A73,PM21 壓榨脱水部第三線壓(Shoe Press),PRESSDRY-DCS_A73
A74,PM21 壓榨部脫水部第四線壓,PRESSDRY-DCS_A74
A75,PM21 SKIMMER 真空,NETDRY-DCS_A75
A76,PM21 ZONE1 真空 (Former CIVB2 Pressure),NETDRY-DCS_A76
A77,PM21 ZONE2 真空(Wire Trans. Box1 Pressure),NETDRY-DCS_A77
A78,PM21 SV11下網高真空1,NETDRY-DCS_A78
A79,PM21 SV10下網高真空2,NETDRY-DCS_A79
A80,PM21 SV09下網高真空3,NETDRY-DCS_A80
A81,PM21 Couch roll高真空 SV19,NETDRY-DCS_A81
A82,PM21 Couch Roll低真空 SV18,NETDRY-DCS_A82
A83,PM21 1PU-Box真空,PRESSDRY-DCS_A83
A84,PM21 2PU-Box真空,PRESSDRY-DCS_A84
A85,PM21 3PU-Box真空,PRESSDRY-DCS_A85
A86,PM21 4PU-Box真空,PRESSDRY-DCS_A86
A87,PM21 Pick Up SV13 真空,PRESSDRY-DCS_A87
A88,PM21 吸引壓榨部脫水轆 真空,PRESSDRY-DCS_A88
A89,PM21 TV01消音池液位,PRESSDRY-DCS_A89
A90,PM21 蒸氣總壓(紙機主蒸氣壓力),BCDRY-DCS_A90
A91,PM21 蒸氣總流量,BCDRY-DCS_A91
A92,PM21 2D 前段烘缸 6-7壓力,BCDRY-DCS_A92
A93,PM21 2D 後段烘缸 8-10壓力,BCDRY-DCS_A93
A94,PM21 2D 蒸汽汽流量(FIC-D42),BCDRY-DCS_A94
A95,PM21 3D 烘缸11-16壓力,BCDRY-DCS_A95
A96,PM21 3D 蒸汽蒸汽流量(FIC-D37),BCDRY-DCS_A96
A97,PM21 4D 蒸汽流量,BCDRY-DCS_A97
A98,PM21 4D 蒸汽壓力,BCDRY-DCS_A98
A99,PM21 4D 烘缸17壓力,BCDRY-DCS_A99
A100,PM21 4D 烘缸18壓力,BCDRY-DCS_A100
A101,PM21 5D 蒸汽壓力,BCDRY-DCS_A101
A102,PM21 5D 蒸汽流量,BCDRY-DCS_A102
A103,PM21 6D上排(雙)蒸汽壓力,ACDRY-DCS_A103
A104,PM21 6D下排(單)蒸汽壓力,ACDRY-DCS_A104
A105,PM21 6D上蒸汽流量(FIC-D05),ACDRY-DCS_A105
A106,PM21 6D下蒸汽流量(FIC-D15),ACDRY-DCS_A106
A107,PM21 1D送風温度,BCDRY-DCS_A107
A108,PM21 3D送風温度,BCDRY-DCS_A108
A109,PM21 5D送風温度,BCDRY-DCS_A109
A110,PM21 保留率,MEDIC-DCS_A110
A111,PM21 頭箱濃度,MEDIC-DCS_A111
A112,PM21 白水濃度,MEDIC-DCS_A112
A113,PM21 Retention 1流量,MEDIC-DCS_A113
A114,PM21 Retention 3流量,MEDIC-DCS_A114
A115,PM21 內添澱粉流量,MEDIC-DCS_A115
A116,PM21 ASA-A流量,MEDIC-DCS_A116
A117,PM21 ASA-B流量,MEDIC-DCS_A117
A118,PM21 AKD流量,MEDIC-DCS_A118
A119,PM21 PAC流量(1),MEDIC-DCS_A119
A120,PM21 PAC流量(2),MEDIC-DCS_A120
A121,PM21 EKA,MEDIC-DCS_A121
A122,PM21 內添澱粉總流量,MEDIC-DCS_A122
A123,PM21 即時長度,ROLL-DCS_A123
A124,PM21 即時重量,ROLL-DCS_A124
A125,PM21 時紙幅,ROLL-DCS_A125
A126,PM21 紙別,ROLL-DCS_A126
A127,PM21 原紙號碼,ROLL-DCS_A127
A128,PM21 斷紙次數,ROLL-DCS_A128
A129,PM21 斷紙時間(年),ROLL-DCS_A129
A130,PM21 斷紙時間(月),ROLL-DCS_A130
A131,PM21 斷紙時間(日),ROLL-DCS_A131
A132,PM21 斷紙時間(時),ROLL-DCS_A132
A133,PM21 斷紙時間(分),ROLL-DCS_A133
A134,PM21 斷紙時間(秒),ROLL-DCS_A134
A135,PM21 上次出紙時間(年),ROLL-DCS_A135
A136,PM21 上次出紙時間(月),ROLL-DCS_A136
A137,PM21 上次出紙時間(日),ROLL-DCS_A137
A138,PM21 上次出紙時間(時),ROLL-DCS_A138
A139,PM21 上次出紙時間(分),ROLL-DCS_A139
A140,PM21 上次出紙時間(秒),ROLL-DCS_A140
A141,PM21 行車時間(分),ROLL-DCS_A141
A142,PM21 塗前SizePress Scanner即時水分,BCDRY-DCS_A142
A143,PM21 塗前SizePress Scanner即時基重,BCDRY-DCS_A143
A144,PM21 塗前SizePress Scanner即即掃瞄位置,BCDRY-DCS_A144
A145,PM21 塗後(捲取REEL)Scanner即時水分,ACDRY-DCS_A145
A146,PM21 塗後(捲取REEL)Scanner即時基重,ACDRY-DCS_A146
A147,PM21 塗後(捲取REEL)Scanner即時掃瞄位置,ACDRY-DCS_A147
A148,PM21 紙機運轉訊,
A149,PM21 非運轉訊號(紙機斷紙訊號),
A150,PM21 内添澱粉累積量(Lastreel),MEDIC-DCS_A150
A151,PM21 Retention 1累積量(Last reel),MEDIC-DCS_A151
A152,PM21 EKA累積量(Last reel),MEDIC-DCS_A152
A153,PM21 Retention 3累積量(Last reel),MEDIC-DCS_A153
A154,PM21 AKD累積量(Last reel),MEDIC-DCS_A154
A155,PM21 PAC-TP05累積量(Last reel),MEDIC-DCS_A155
A156,PM21 PAC-MPA02累積量(Last reel),MEDIC-DCS_A156
A157,PM21 PAC AGENT累積量(Lastreel),MEDIC-DCS_A157
A158,PM21 DRY STRENGTH 乾強劑累積量(Last reel),MEDIC-DCS_A158
A159,PM21 塗佈量設定值,COATER-DCS_A159
A160,PM21 紙捲直徑,ROLL-DCS_A160
A161,PM21 每噸紙使用蒸氣量,ROLL-DCS_A161
A162,PM21 壓光機線壓,PRESS-DCS_A162
A163,PM21 Disc Filter 白水處理量(FI-W02),FORMULA-DCS_A163
A164,PM21 Disc Filter 漿料流量(FFIC-W03),FORMULA-DCS_A164
A165,PM21 Disc Filter 液位(液面3.1.3),FORMULA-DCS_A165
A166,PM21 Disc Filter 轉速(SIC-W04),FORMULA-DCS_A166
A167,PM21 Disc Filter 真空度(PI-W06),FORMULA-DCS_A167
A168,PM21 墊底漿濃度(CIC-W11),FORMULA-DCS_A168
A169,PM21 墊底漿液位(TW07液位計 LIC-W10-1),FORMULA-DCS_A169
A170,PM21 NBKP未磨漿槽液位(LISA-P168),FORMULA-DCS_A170
A171,PM21 BCTMP未磨漿槽液位(LISA-P320),FORMULA-DCS_A171
A172,PM21 180T液位(LI-P214),FORMULA-DCS_A172
A173,PM21 150T液位(LISA-P169),FORMULA-DCS_A173
A174,PM21 LBKP未磨漿槽液位(LISA-P262),FORMULA-DCS_A174
A175,PM21 TB05 塗佈損紙液位(LI-B706),FORMULA-DCS_A175
A176,PM21 TB01未塗佈損紙紙紙液位(LI-531),FORMULA-DCS_A176
A177,PM21 TB08 COAT損紙液液位(LICA-B678B),FORMULA-DCS_A177
A178,PM21 TB04 UNCOAT損紙液位(LICA-B547B),FORMULA-DCS_A178
A179,PM21 SUPER CLEAR WATER液位(LI-W32),FORMULA-DCS_A179
A180,PM21 CLEAR WATER WATER液位(LI-W07),FORMULA-DCS_A180
A181,PM21 CLOUDY WATER 液位(LIC-W09),FORMULA-DCS_A181
A182,PM21 2000T液位(LI-W12),FORMULA-DCS_A182
A183,PM21 PW06 濃調水壓力,FORMULA-DCS_A183
A184,PM21 SD02 (2D) FLOW訊號,BCDRY-DCS_A184
A185,PM21 SD03 (3D) FLOW訊號,BCDRY-DCS_A185
A186,PM21 SD04 (4D) FLOW訊號,BCDRY-DCS_A186
A187,PM21 SD05 (5D) FLOW訊號,BCDRY-DCS_A187
A188,PM21 2D RATIO PIC-D40,BCDRY-DCS_A188
A189,PM21 4D RATIO PIC-D26,BCDRY-DCS_A189
A190,PM21烘缸11~16(3D)手/自動訊號。,BCDRY-DCS_A190
A191,"PM21 烘缸17(3D)手/自動訊號,",BCDRY-DCS_A191
A192,PM21 烘缸18(3D)手/自動訊號。,BCDRY-DCS_A192
A193,PM21 塗前水份SP(塗前水份設定值),BCDRY-DCS_A193
A194,PM21 MPAO7A入出口壓差(大立篩入口壓(MAO7A)),SHAP-DCS_A194
A195,PM21 大立篩排放閥流量(MA07A),SHAP-DCS_A195
A196,PM21 MPAO7B入出口壓差(大立篩入口壓(MA07B)),SHAP-DCS_A196
A197,PM21 大立篩排放閥流量(MA07B),SHAP-DCS_A197
A198,PM21 第五段淨漿機入口壓,SHAP-DCS_A198
A199,PM21 第五段淨漿漿機reject壓,SHAP-DCS_A199
A200,PM21 下網抽吸箱轉移箱(1)真空,NETDRY-DCS_A200
A201,PM21 下網抽吸轉移箱(2)真空,NETDRY-DCS_A201
A202,PM21 TA10液位,PRESSDRY-DCS_A202
A203,PM21 TV02液位,PRESSDRY-DCS_A203
A204,PM21 NASH 軸封水壓力,PRESSDRY-DCS_A204
A205,PM21 1DHOOD排風車轉速開度,BCDRY-DCS_A205
A206,PM21 1DHOOD吸風泵轉速開度,BCDRY-DCS_A206
A207,PM21 3DHOOD排風泵轉速開度,BCDRY-DCS_A207
A208,PM21 3DHOOD吸風泵轉速開度,BCDRY-DCS_A208
A209,PM21 5DHOOD排風泵轉速開度,BCDRY-DCS_A209
A210,PM21 5DHOOD吸風泵轉速開度,BCDRY-DCS_A210
A211,PM21 白土流量,MEDIC-DCS_A211
A212,PM21 SizePress Scanner塗前即時絕乾,BCDRY-DCS_A212
A213,PM21 REEL Scanner塗後即時絕乾,ROLL-DCS_A213
A214,PM21 PM21上塗怖轆實際塗料流量,COATER-DCS_A214
A215,PM21 PM21下塗佈轆實際塗料流量,COATER-DCS_A215
A216,PM21 SIZE PRESS 管側壓力控制,COATER-DCS_A216
A217,PM21 SIZE PRESS 傳側壓力控制,COATER-DCS_A217
A218,PM21 上塗怖棒氣壓(上塗佈壓力實際值),COATER-DCS_A218
A219,PM21 下塗怖棒氣壓(下塗佈壓力實際值),COATER-DCS_A219
A220,PM21 LVDT管 管側移動位置,COATER-DCS_A220
A221,PM21 LVDT傳傳側移動位置,COATER-DCS_A221
A222,PM21 LVDT管側流量控制,COATER-DCS_A222
A223,PM21 LVDT傳傳側流量控制,COATER-DCS_A223
A224,PM21 LVDT管側油壓,COATER-DCS_A224
A225,PM21 LVDT 傳側油壓,COATER-DCS_A225
A226,PM21 上塗怖棒加壓PB,COATER-DCS_A226
A227,PM21 上塗佈轆送料PB,COATER-DCS_A227
A228,PM21 下塗怖棒加壓PB,COATER-DCS_A228
A229,PM21 下塗佈轆送料PB,COATER-DCS_A229
A230,PM21 下塗佈轆接觸PB,COATER-DCS_A230
A231,PM21 下塗佈轆達近接位置信號,COATER-DCS_A231
A232,PM21 換捲信號,ROLL-DCS_A232
A233,PM21 下塗佈轆加壓PB,COATER-DCS_A233
A234,PM21 噸數,ROLL-DCS_A234
A235,PM21 寬幅,ROLL-DCS_A235
A236,PM21 落紙長度,ROLL-DCS_A236
A237,PM21 ASA-A累積量(Last reel),MEDIC-DCS_A237
A238,PM21 ASA-B累積量(Last reel),MEDIC-DCS_A238
A239,PM21 塗後(捲取 REEL)BW1 設定值(Setpointsints),ROLL-DCS_A239
A240,PM21 塗後(捲取 REEL)BW1 2-sig (2-sigma),ROLL-DCS_A240
A241,PM21 塗後(捲取 REEL)BD1 設定值(Setpoints),ROLL-DCS_A241
A242,PM21 塗後(捲取 REEL)MP1 設定值值(Setpoints),ROLL-DCS_A242
A243,PM21 塗後(捲取 REEL)MP1 2-sig (2-sigma),ROLL-DCS_A243
A244,PM21 塗前 SizePressBW2 設定値(Setpoints),BCDRY-DCS_A244
A245,PM21 塗前 SizePressBW2 2-sig (2-sigma),BCDRY-DCS_A245
A246,PM21 塗前 SizePressBD2 設定值(Setpoints),BCDRY-DCS_A246
A247,PM21 塗前 SizePressMP2-sig (2-sigma),BCDRY-DCS_A247
A248,PM21 TPO3(NBKP)濃調CIC-P400,FORMULA-DCS_A248
A249,PM21 TP02攪拌機開關,FORMULA-DCS_A249
A250,PM21 TB08攪拌機開關,FORMULA-DCS_A250
A251,PM21 TA01攪拌機(TA01攪拌機開關),FORMULA-DCS_A251
A252,PM21 TP04攪拌機開關,FORMULA-DCS_A252
A253,PM21 TP05攪拌機開關,FORMULA-DCS_A253
A254,PM21 M/C送料泵,FORMULA-DCS_A254
A255,PM21 送料泵MPA01 RPM,FORMULA-DCS_A255
A256,PM21 MPA01出口壓力,FORMULA-DCS_A256
A257,PM21 M/C濃調水,FORMULA-DCS_A257
A258,PM21 MPA01出口閥,FORMULA-DCS_A258
A259,PM21 回項斜篩泵,SHAP-DCS_A259
A260,PM21 MPA13出口閥開度,SHAP-DCS_A260
A261,PM21 MPA13稀釋桶液位,SHAP-DCS_A261
A262,PM21MPA13稀釋桶白水閥,SHAP-DCS_A262
A263,PM21 MPA14粗料稀桶液位,SHAP-DCS_A263
A264,PM21 MPA14粗料稀釋桶白水閥,SHAP-DCS_A264
A265,PM21 MPA15細料稀稀釋桶液位,SHAP-DCS_A265
A266,PM21 MPA15細料稀稀桶白水閥,SHAP-DCS_A266
A267,PM21 MPW11 粗細料桶稀釋水,SHAP-DCS_A267
A268,PM21 MPA14粗料泵,SHAP-DCS_A268
A269,PM21 MPA14出口閥,SHAP-DCS_A269
A270,PM21 MPA14變頻器,SHAP-DCS_A270
A271,PM21 MPA15細料泵,SHAP-DCS_A271
A272,PM21 MPA15出口閥,SHAP-DCS_A272
A273,PM21 MPA15變頻器,SHAP-DCS_A273
A274,PM21 粗料淨漿機入口壓,SHAP-DCS_A274
A275,PM21 粗料淨漿機下料壓,SHAP-DCS_A275
A276,PM21 細料淨漿機入口壓,SHAP-DCS_A276
A277,PM21 細料淨漿機下料壓,SHAP-DCS_A277
A278,PM21 5TH淨漿機泵,SHAP-DCS_A278
A279,PM21 MPA06出口閥,SHAP-DCS_A279
A280,PM21 5TH上料壓力,SHAP-DCS_A280
A281,PM21 5TH稀釋桶液位,SHAP-DCS_A281
A282,PM21 5TH稀釋桶白水閥,SHAP-DCS_A282
A283,PM21 5TH淨漿機白水閥,SHAP-DCS_A283
A284,PM21 5TH淨漿機白水量,SHAP-DCS_A284
A285,PM21 5TH上料閥,SHAP-DCS_A285
A286,PM21 4TH淨漿機泵,SHAP-DCS_A286
A287,PM21 MPA05出口閥,SHAP-DCS_A287
A288,PM21 4TH淨漿機白水閥,SHAP-DCS_A288
A289,PM21 4TH淨漿機白水量,SHAP-DCS_A289
A290,PM21 3RD淨漿機泵,SHAP-DCS_A290
A291,PM21 MPA04出口閥,SHAP-DCS_A291
A292,PM21 3TH淨漿機白水閥,SHAP-DCS_A292
A293,PM21 3TH淨漿漿機白水量,SHAP-DCS_A293
A294,PM21 2ND淨漿機泵,SHAP-DCS_A294
A295,PM21 MPA03出口閥,SHAP-DCS_A295
A296,PM21 IST淨漿漿機泵,SHAP-DCS_A296
A297,PM21 脫氣桶溫度,SHAP-DCS_A297
A298,PM21 脫氣桶真空泵(稀釋水)軸封水,SHAP-DCS_A298
A299,PM21 TA05冷却水閥,SHAP-DCS_A299
A300,PM21 脫氣桶第一段真空泵,SHAP-DCS_A300
A301,PM21 脫氣桶第二段真空泵,SHAP-DCS_A301
A302,PM21  IST PF-PA,SHAP-DCS_A302
A303,PM21  IST PF-PA標準值,SHAP-DCS_A303
A304,PM21  IST PF-PR,SHAP-DCS_A304
A305,PM21  IST PF-PR標準值,SHAP-DCS_A305
A306,PM21  2ND PF-PA,SHAP-DCS_A306
A307,PM21  2ND PF-PA標準值,SHAP-DCS_A307
A308,PM21  2ND PF-PR,SHAP-DCS_A308
A309,PM21 2NDPF-PR標準值,SHAP-DCS_A309
A310,PM21  3RD PF-PA,SHAP-DCS_A310
A311,PM21 3RDPF-PA標準值,SHAP-DCS_A311
A312,PM21  3RD PF-PR,SHAP-DCS_A312
A313,PM21 3RDPF-PR標準值,SHAP-DCS_A313
A314,PM21  4TH PF-PA,SHAP-DCS_A314
A315,PM21 4THPF-PA標準值,SHAP-DCS_A315
A316,PM21  4TH PF-PR,SHAP-DCS_A316
A317,PM21 4THPF-PR標準值,SHAP-DCS_A317
A318,PM21  5TH PF-PA,SHAP-DCS_A318
A319,PM21 5THPF-PA標準值,SHAP-DCS_A319
A320,PM21  5TH PF-PR,SHAP-DCS_A320
A321,PM21 5THPF-PR標準值,SHAP-DCS_A321
A322,PM21 NO2 FAN泵,SHAP-DCS_A322
A323,PM21 MPA07 RPM設定值,SHAP-DCS_A323
A324,PM21 大立篩A,SHAP-DCS_A324
A325,PM21 MPA07A下料閥開度,SHAP-DCS_A325
A326,PM21 大立篩B,SHAP-DCS_A326
A327,PM21 MPA07B下料閥開度,SHAP-DCS_A327
A328,PM21 小立篩泵,SHAP-DCS_A328
A329,PM21 MPA08出口閥,SHAP-DCS_A329
A330,PM21 小立篩,SHAP-DCS_A330
A331,PM21 MPA08入出口壓差,SHAP-DCS_A331
A332,PM21 頭箱成形條件控制回流壓差,SHAP-DCS_A332
A333,PM21 MPA09泵(回TA02),SHAP-DCS_A333
A334,PM21 MPA09開度,SHAP-DCS_A334
A335,PM21 MPA09入口閥開度,SHAP-DCS_A335
A336,PM21 MPA10泵(回調成),SHAP-DCS_A336
A337,PM21 稀釋頭箱PM-A200泵,SHAP-DCS_A337
A338,PM21 稀釋頭箱PM-A200 RPM,SHAP-DCS_A338
A339,PM21 稀釋頭箱壓力篩,SHAP-DCS_A339
A340,PM21 稀釋頭箱壓力篩排放流量,SHAP-DCS_A340
A341,PM21 稀釋頭箱壓力篩排放比例,SHAP-DCS_A341
A342,PM21 稀釋頭箱壓力篩排放閥開度,SHAP-DCS_A342
A343,PM21 稀釋頭箱回流量比例,SHAP-DCS_A343
A344,PM21  稀釋頭箱回流量,SHAP-DCS_A344
A345,PM21  SLICE開度,SHAP-DCS_A345
A346,PM21  SETBACK開度,SHAP-DCS_A346
A347,PM21 前饋控制設定值,SHAP-DCS_A347
A348,PM21 前饋控制實際值,SHAP-DCS_A348
A349,PM21 灰份設定值,BCDRY-DCS_A349
A350,PM21 噴速比設定值,SHAP-DCS_A350
A351,"PM21 網部脫水刮刀潤滑水,毛毯潤滑水",NETDRY-DCS_A351
A352,PM21 網部脱水潤滑水,NETDRY-DCS_A352
A353,PM21 全幅敲落水,NETDRY-DCS_A353
A354,PM21 網部脫水高壓水,NETDRY-DCS_A354
A355,PM21 網部脱水高壓水-1,NETDRY-DCS_A355
A356,PM21  網邊敲落水,NETDRY-DCS_A356
A357,PM21 網邊水刀A,NETDRY-DCS_A357
A358,PM21  網邊水刀B,NETDRY-DCS_A358
A359,PM21 轆內清洗水,NETDRY-DCS_A359
A360,PM21 轆內潤滑水,NETDRY-DCS_A360
A361,PM21 轆外清洗水,NETDRY-DCS_A361
A362,PM21 全幅敲落水閥,NETDRY-DCS_A362
A363,PM21 下網轆面高壓水閥,NETDRY-DCS_A363
A364,PM21 網邊敲落水閥,NETDRY-DCS_A364
A365,PM21 網部脱水潤滑水閥,NETDRY-DCS_A365
A366,PM21 網部脫水轆外清洗水閥,NETDRY-DCS_A366
A367,PM21 下網紙面高壓水閥,NETDRY-DCS_A367
A368,PM21 上網外側高壓水閥,NETDRY-DCS_A368
A369,PM21 上網內側高壓水閥,NETDRY-DCS_A369
A370,PM21  下網轆面高壓水褶動器,NETDRY-DCS_A370
A371,PM21 上網外側高壓水褶動器,NETDRY-DCS_A371
A372,PM21 上網內側高壓水褶動器,NETDRY-DCS_A372
A373,PM21  下網紙面高壓水褶動器,NETDRY-DCS_A373
A374,PM21 網部脱水潤滑水褶動器,NETDRY-DCS_A374
A375,PM21 網部脫水高壓水壓力,NETDRY-DCS_A375
A376,PM21 網部脫水高壓水壓力-1,NETDRY-DCS_A376
A377,PM21 TH02桶槽液位,NETDRY-DCS_A377
A378,PM21 網部車速(4.1.1),NETDRY-DCS_A378
A379,PM21 壓榨部1-3P車速,PRESSDRY-DCS_A379
A380,PM21 毛毯藥品噴淋水,PRESSDRY-DCS_A380
A381,PM21 壓榨部脫水部潤滑水,PRESSDRY-DCS_A381
A382,PM21 壓榨部脫水部高壓水,PRESSDRY-DCS_A382
A383,PM21 HOOD熱交換器清洗水,BCDRY-DCS_A383
A384,PM21 熱交換器冷却水,BCDRY-DCS_A384
A385,PM21 帆布高壓清洗水,BCDRY-DCS_A385
A386,PM21 壓榨部脱水部SODA Air pump Air閥,PRESSDRY-DCS_A386
A387,PM21 壓榨部脱水部SODA 閥,PRESSDRY-DCS_A387
A388,PM21 PICK UP轆外清洗水褶動器,PRESSDRY-DCS_A388
A389,PM21 1Pchemical閥,PRESSDRY-DCS_A389
A390,PM21 1P高壓水閥,PRESSDRY-DCS_A390
A391,PM21 2P高壓水閥,PRESSDRY-DCS_A391
A392,PM21 3P高壓水閥,PRESSDRY-DCS_A392
A393,PM21 3Pchemical閥,PRESSDRY-DCS_A393
A394,PM21 2Pchemical閥,PRESSDRY-DCS_A394
A395,PM21 4Pchemical閥,PRESSDRY-DCS_A395
A396,PM21 4P高壓水閥,PRESSDRY-DCS_A396
A397,PM21 PICK UP轆外清洗水閥,PRESSDRY-DCS_A397
A398,PM21 TH01熱水桶溫度,PRESSDRY-DCS_A398
A399,PM21 TH01熱水桶液位,PRESSDRY-DCS_A399
A400,PM21 壓榨部高壓水壓力,PRESSDRY-DCS_A400
A401,PM21 帆布高壓水壓力,BCDRY-DCS_A401
A402,PM21 上網lead out oil pump,NETDRY-DCS_A402
A403,PM21 下網除霧氣抽風風車,NETDRY-DCS_A403
A404,PM21 下網lead in前吸抽箱真空風車,NETDRY-DCS_A404
A405,PM21 下網skimmer抽風風車,NETDRY-DCS_A405
A406,PM21 上網高壓水除霧器抽風風車,NETDRY-DCS_A406
A407,PM21 couch低真空風車,NETDRY-DCS_A407
A408,PM21  couch高真空風車,NETDRY-DCS_A408
A409,PM21  下網lead in前抽吸真空壓力,NETDRY-DCS_A409
A410,PM21  下網lead in前抽吸真空閥,NETDRY-DCS_A410
A411,PM21  上網skimmer真空閥,NETDRY-DCS_A411
A412,PM21 Pickup汽水分離桶泵,PRESSDRY-DCS_A412
A413,PM21  Suction press汽水分離桶泵,PRESSDRY-DCS_A413
A414,PM21 4PU-Box汽水分離桶泵,PRESSDRY-DCS_A414
A415,PM21 3PU-Box汽水分離桶泵,PRESSDRY-DCS_A415
A416,PM21 2PU-Box汽水分離桶泵,PRESSDRY-DCS_A416
A417,PM21  TV05-V05泵,PRESSDRY-DCS_A417
A418,PM21  TV05液位,PRESSDRY-DCS_A418
A419,PM21  TA10-TV06泵,PRESSDRY-DCS_A419
A420,PM21  MPV01 NASH 泵 三向R,PRESSDRY-DCS_A420
A421,PM21  MPV02 NASH 泵 三向R,PRESSDRY-DCS_A421
A422,PM21  MPV03 NASH 泵 三向R,PRESSDRY-DCS_A422
A423,PM21  MPV04 NASH 泵 三向R,PRESSDRY-DCS_A423
A424,PM21 MDV05 NASH 泵 三向R,PRESSDRY-DCS_A424
A425,PM21 MPV06 NASH 泵 三向R,PRESSDRY-DCS_A425
A426,PM21 MPV07 NASH 泵 三向R,PRESSDRY-DCS_A426
A427,PM21 MPV08 NASH 泵 三向R,PRESSDRY-DCS_A427
A428,PM21 MPV01 NASH 泵 三向S,PRESSDRY-DCS_A428
A429,PM21 MPV02 NASH 泵 三向S,PRESSDRY-DCS_A429
A430,PM21 MPV03 NASH 泵 三向S,PRESSDRY-DCS_A430
A431,PM21 MPV04 NASH 泵 三向S,PRESSDRY-DCS_A431
A432,PM21 MPV05 NASH 泵 三向S,PRESSDRY-DCS_A432
A433,PM21 MPV06 NASH 泵 三向S,PRESSDRY-DCS_A433
A434,PM21 MPV07 NASH 泵 三向S,PRESSDRY-DCS_A434
A435,PM21 MPV08 NASH 泵 三向S,PRESSDRY-DCS_A435
A436,PM21 MPV01 NASH 泵 三向T,PRESSDRY-DCS_A436
A437,PM21 MPV02 NASH 泵 三向T,PRESSDRY-DCS_A437
A438,PM21 MPV03 NASH 泵 三向T,PRESSDRY-DCS_A438
A439,PM21 MPV04 NASH 泵 三向T,PRESSDRY-DCS_A439
A440,PM21 MPV05 NASH 泵 三向T,PRESSDRY-DCS_A440
A441,PM21 MPV06 NASH 泵 三向T,PRESSDRY-DCS_A441
A442,PM21 MPV07 NASH 泵 三向T,PRESSDRY-DCS_A442
A443,PM21 MPV08 NASH 泵 三向T,PRESSDRY-DCS_A443
A444,PM21 TA10往調成白水控制閥,PRESSDRY-DCS_A444
A445,PM21 TV06液位,PRESSDRY-DCS_A445
A446,PM21 TV02温度,PRESSDRY-DCS_A446
A447,PM21 消音池液位-1,PRESSDRY-DCS_A447
A448,PM21 消音池液位-2,PRESSDRY-DCS_A448
A449,PM21 NASH oil 泵,PRESSDRY-DCS_A449
A450,PM21 5烘缸入口壓力,BCDRY-DCS_A450
A451,PM21 5烘缸壓差,BCDRY-DCS_A451
A452,PM21 4烘缸入口壓力,BCDRY-DCS_A452
A453,PM21 4烘缸壓差,BCDRY-DCS_A453
A454,PM21 3烘缸入口壓力,BCDRY-DCS_A454
A455,PM21 3烘缸壓差,BCDRY-DCS_A455
A456,PM21 2烘缸入口壓力,BCDRY-DCS_A456
A457,PM21 2烘缸壓差,BCDRY-DCS_A457
A458,PM21 1烘缸入口壓力,BCDRY-DCS_A458
A459,PM21 1烘缸壓差,BCDRY-DCS_A459
A460,PM21 SD01真空泵,BCDRY-DCS_A460
A461,PM21 SD01溫度,BCDRY-DCS_A461
A462,PM21 SD01液位,BCDRY-DCS_A462
A463,PM21 SD01泵,BCDRY-DCS_A463
A464,PM21 2D蒸汽閥回溯,BCDRY-DCS_A464
A465,PM21 8.9.10壓差,BCDRY-DCS_A465
A466,PM21 6.7壓差,BCDRY-DCS_A466
A467,PM21 2D Cascase,BCDRY-DCS_A467
A468,PM21 SD02泵,BCDRY-DCS_A468
A469,PM21 TD09液位,BCDRY-DCS_A469
A470,PM21 TD09泵A,BCDRY-DCS_A470
A471,PM21 TD09泵B,BCDRY-DCS_A471
A472,PM21 5D蒸汽閥回溯,BCDRY-DCS_A472
A473,PM21 4D蒸汽閥回溯,BCDRY-DCS_A473
A474,PM21 24-29壓差,BCDRY-DCS_A474
A475,PM21 19-23壓差,BCDRY-DCS_A475
A476,PM21 18壓差,BCDRY-DCS_A476
A477,PM21 17壓差,BCDRY-DCS_A477
A478,PM21 11-16壓差,BCDRY-DCS_A478
A479,PM21 SD05泵,BCDRY-DCS_A479
A480,PM21 SD05液位,BCDRY-DCS_A480
A481,PM21 SD04泵,BCDRY-DCS_A481
A482,PM21 SD04液位,BCDRY-DCS_A482
A483,PM21 SD03泵,BCDRY-DCS_A483
A484,PM21 SD03液位,BCDRY-DCS_A484
A485,PM21  34.36.38.40壓差,ACDRY-DCS_A485
A486,PM21 32烘缸入口壓力,ACDRY-DCS_A486
A487,PM21 30烘缸入口壓力,ACDRY-DCS_A487
A488,PM21 32壓差,ACDRY-DCS_A488
A489,PM21 30壓差,ACDRY-DCS_A489
A490,PM21 35.37.39壓差,ACDRY-DCS_A490
A491,PM21 33烘缸入口壓力,ACDRY-DCS_A491
A492,PM21 31烘缸入口壓力,ACDRY-DCS_A492
A493,PM21 33壓差,ACDRY-DCS_A493
A494,PM21 31壓差,ACDRY-DCS_A494
A495,PM21 SD07泵,ACDRY-DCS_A495
A496,PM21 SD07液位,ACDRY-DCS_A496
A497,PM21 SD06泵,ACDRY-DCS_A497
A498,PM21 SD06液位,ACDRY-DCS_A498
A499,PM21 SD08泵,ACDRY-DCS_A499
A500,PM21 SD08液位,ACDRY-DCS_A500
A501,PM21 6D蒸汽真空泵,ACDRY-DCS_A501
A502,PM21 MVD10溫度,ACDRY-DCS_A502
A503,PM21 鍋爐壓力,BCDRY-DCS_A503
A504,PM21 紙機主蒸氣閥開度,BCDRY-DCS_A504
A505,PM21 紙機主蒸氣溫度,BCDRY-DCS_A505
A506,PM21 AIR TURN蒸汽壓力,COATER-DCS_A506
A507,PM21 HOOD蒸汽壓力,BCDRY-DCS_A507
A508,PM21 HOOD蒸氣流量,BCDRY-DCS_A508
A509,PM21 3P OILTANK 水閥開度1,PRESSDRY-DCS_A509
A510,PM21 3P OIL TANK水閥開度2,PRESSDRY-DCS_A510
A511,PM21 3P NO.1循環 PUMP1,PRESSDRY-DCS_A511
A512,PM21 3P NO.2循環 PUMP2,PRESSDRY-DCS_A512
A513,PM21 3P NO.1循環 PUMP 1電流,PRESSDRY-DCS_A513
A514,PM21 3P NO.2循環 PUMP2電流,PRESSDRY-DCS_A514
A515,PM21 3P供應油溫度,PRESSDRY-DCS_A515
A516,PM21 3P NO.1油壓PUMP,PRESSDRY-DCS_A516
A517,PM21 3P NO.2油壓PUMP,PRESSDRY-DCS_A517
A518,PM21 3P sleeve NO.1油壓冷卻PUMP,PRESSDRY-DCS_A518
A519,PM21 3P sleeve NO.2油壓冷卻PUMP,PRESSDRY-DCS_A519
A520,PM21 3P NO.1潤油滑油PUMP,PRESSDRY-DCS_A520
A521,PM21 3P NO.2潤滑滑油PUMP,PRESSDRY-DCS_A521
A522,PM21 3P 油流量,PRESSDRY-DCS_A522
A523,PM21 3P NIP 閥開度,PRESSDRY-DCS_A523
A524,PM21 3P EDGE油壓力(TS),PRESSDRY-DCS_A524
A525,PM21 3P EDGE油壓力(DS),PRESSDRY-DCS_A525
A526,PM21 3P P ROOL NIP壓力,PRESSDRY-DCS_A526
A527,PM21 3P sleeve 冷却水流量,PRESSDRY-DCS_A527
A528,PM21 3P sleeve 冷卻水閥開度,PRESSDRY-DCS_A528
A529,PM21 3P F-ROLL PS潤滑油流量,PRESSDRY-DCS_A529
A530,PM21 3P F-ROLL SEAL潤滑油流量,PRESSDRY-DCS_A530
A531,PM21 3P P-ROLL軸承潤滑油流量(TS),PRESSDRY-DCS_A531
A532,PM21 3P P-ROLL軸承潤滑油流量(DS),PRESSDRY-DCS_A532
A533,PM21 3P P-ROLL齒輪潤滑油流,PRESSDRY-DCS_A533
A534,PM21 3P F-ROLL 潤滑油流量(TS),PRESSDRY-DCS_A534
A535,PM21 3P sleeve真空壓力,PRESSDRY-DCS_A535
A536,PM21 3P sleeve內部壓力,PRESSDRY-DCS_A536
A537,PM21 3P回油溫度,PRESSDRY-DCS_A537
A538,PM21 3P sleeve NO.1風車,PRESSDRY-DCS_A538
A539,PM21 3P sleeve NO.2風車,PRESSDRY-DCS_A539
A540,PM21 3P油槽溫度,PRESSDRY-DCS_A540
A541,PM21 3P油槽液位,PRESSDRY-DCS_A541
A542,PM21 3P輔助油壓PUMP1,PRESSDRY-DCS_A542
A543,PM21 3P輔助油壓PUMP2,PRESSDRY-DCS_A543
A544,PM21 RO供應水泵,NETDRY-DCS_A544
A545,PM21 軸封水泵,NETDRY-DCS_A545
A546,PM21 MPF03 轉速,NETDRY-DCS_A546
A547,PM21 MPF03出口壓力,NETDRY-DCS_A547
A548,PM21 清水補水泵,NETDRY-DCS_A548
A549,PM21 MPF01出口壓力,NETDRY-DCS_A549
A550,PM21 淨漿機稀釋水,SHAP-DCS_A550
A551,PM21 轆內冷卻水泵MPF12,NETDRY-DCS_A551
A552,PM21 轆内冷卻水MPF12壓力控制回流閥,NETDRY-DCS_A552
A553,PM21  TF02液位,NETDRY-DCS_A553
A554,PM21  TF05液位或補水閥,NETDRY-DCS_A554
A555,PM21 頭箱成形條件控制保溫水泵,SHAP-DCS_A555
A556,PM21  TH03液位,NETDRY-DCS_A556
A557,PM21 HOOD排風車1D,BCDRY-DCS_A557
A558,PM21 HOOD排風車3D,BCDRY-DCS_A558
A559,PM21 HOOD排風車5D,BCDRY-DCS_A559
A560,PM21 HOOD進風車1D,BCDRY-DCS_A560
A561,PM21 HOOD進風車3D,BCDRY-DCS_A561
A562,PM21 HOOD進風車5D,BCDRY-DCS_A562
A563,PM21 HOOD排風車3D轉速,BCDRY-DCS_A563
A564,PM21 HOOD排風車5D轉速,BCDRY-DCS_A564
A565,PM21 1D風刀風車,BCDRY-DCS_A565
A566,PM21 2D風刀風車,BCDRY-DCS_A566
A567,PM21 1D VTR風車,BCDRY-DCS_A567
A568,PM21 2D VTR風車,BCDRY-DCS_A568
A569,PM21 3D VTR風車,BCDRY-DCS_A569
A570,PM21 4D VTR風車,BCDRY-DCS_A570
A571,PM21 5D VTR風車,BCDRY-DCS_A571
A572,PM21 HOOD排風車6D,ACDRY-DCS_A572
A573,PM21 HOOD進風車6D,ACDRY-DCS_A573
A574,PM21 HOOD排風車6D轉速,ACDRY-DCS_A574
A575,PM21 HOOD進風車6D轉速,ACDRY-DCS_A575
A576,PM21 HOOD FLUSH 蒸氣流量,BCDRY-DCS_A576
A577,PM21 HOOD 6D 溫度控制,ACDRY-DCS_A577
A578,PM21 P05散漿機電流A,FORMULA-DCS_A578
A579,PM21 P05散漿機電流B,FORMULA-DCS_A579
A580,PM21 P05散漿機電流C,FORMULA-DCS_A580
A581,PM21 PO5散漿液位計(LICA-P206),FORMULA-DCS_A581
A582,PM21 P05回流閥(PIC-P207),FORMULA-DCS_A582
A583,PM21 MPP01送料泵開啟閥(HS-P208),FORMULA-DCS_A583
A584,PM21 P05 to TP02閥(LISA-P213V1),FORMULA-DCS_A584
A585,PM21 P05 to TPO1閥(LISA-P301V),FORMULA-DCS_A585
A586,PM21 P05 to TP03閉(HS-P177),FORMULA-DCS_A586
A587,PM21 P05軸封水閥(HS-P214),FORMULA-DCS_A587
A588,PM21 TP03攪拌機,FORMULA-DCS_A588
A589,PM21 TPO1液位計(LISA-P301),FORMULA-DCS_A589
A590,PM21 TP01攪拌機,FORMULA-DCS_A590
A591,PM21 TP02液位位計(LISA-P213),FORMULA-DCS_A591
A592,PM21  P06散漿機電流A,FORMULA-DCS_A592
A593,PM21  P06散機電流B,FORMULA-DCS_A593
A594,PM21  P06散漿機電流C,FORMULA-DCS_A594
A595,PM21  P06散漿桶液位計(LISA-P106),FORMULA-DCS_A595
A596,PM21  P06回流閥(PIC-P107),FORMULA-DCS_A596
A597,PM21 MPP02送料泵開啟閥(HS-P108),FORMULA-DCS_A597
A598,PM21  P06 to TP03閥(LISA-P113V),FORMULA-DCS_A598
A599,PM21  P06 to TP02闊(LISA-P213V2),FORMULA-DCS_A599
A600,PM21  P06 to TP01閥(HS-P279),FORMULA-DCS_A600
A601,PM21 TP03液位計(LISA-P113),FORMULA-DCS_A601
A602,PM21 P06軸封水閥(HS-P114),FORMULA-DCS_A602
A603,PM21 P17/P18 to TP02閥(HS-P278),FORMULA-DCS_A603
A604,PM21 P17/P18 to TB01閥(HS-P280),FORMULA-DCS_A604
A605,PM21 LBKP磨漿壓力(PIC-P216),FORMULA-DCS_A605
A606,PM21 LBKP to P15閥(HI-P217),FORMULA-DCS_A606
A607,PM21 P15磨漿機,FORMULA-DCS_A607
A608,PM21 P15 Kwh/t,FORMULA-DCS_A608
A609,PM21 P16磨漿機,FORMULA-DCS_A609
A610,PM21 P16 Kwh/t,FORMULA-DCS_A610
A611,PM21 P17磨漿機,FORMULA-DCS_A611
A612,PM21 P17 Kwh/t,FORMULA-DCS_A612
A613,PM21 P18磨漿機,FORMULA-DCS_A613
A614,PM21 P18 Kwh/t,FORMULA-DCS_A614
A615,PM21  P15 POWER 設定值(EIC-P223.KW),FORMULA-DCS_A615
A616,PM21  P15電流值A,FORMULA-DCS_A616
A617,PM21  P15電流值B,FORMULA-DCS_A617
A618,PM21 P15電流值C,FORMULA-DCS_A618
A619,PM21  P16 POWER設定值(EIC-P227.KW),FORMULA-DCS_A619
A620,PM21 P16電流值A,FORMULA-DCS_A620
A621,PM21 P16電流值B,FORMULA-DCS_A621
A622,PM21 1P16電流值C,FORMULA-DCS_A622
A623,PM21 P16進刀訊號,FORMULA-DCS_A623
A624,PM21 P16退刀訊號,FORMULA-DCS_A624
A625,PM21 P15進刀訊號,FORMULA-DCS_A625
A626,PM21 P15退刀訊號,FORMULA-DCS_A626
A627,PM21 P17 POWER 設定值(EIC-P232.KW),FORMULA-DCS_A627
A628,PM21  P17電流值A,FORMULA-DCS_A628
A629,PM21  P17電流值B,FORMULA-DCS_A629
A630,PM21  P17電流值C,FORMULA-DCS_A630
A631,PM21  P17進刀訊號,FORMULA-DCS_A631
A632,PM21  P17退刀訊號,FORMULA-DCS_A632
A633,PM21  P18 POWER 設定值(EIC-P236.KW),FORMULA-DCS_A633
A634,PM21 P18電流值A,FORMULA-DCS_A634
A635,PM21 P18電流值B,FORMULA-DCS_A635
A636,PM21 P18電流值C,FORMULA-DCS_A636
A637,PM21 P18進刀訊號,FORMULA-DCS_A637
A638,PM21 P18退刀訊號,FORMULA-DCS_A638
A639,PM21 MPP04入口壓力(PIC-P116),FORMULA-DCS_A639
A640,PM21 P13磨漿機,FORMULA-DCS_A640
A641,PM21 P13 Kwh/t,FORMULA-DCS_A641
A642,PM21 P13 POWER 設定值(EIC-P121.KW),FORMULA-DCS_A642
A643,PM21 P13電流值A,FORMULA-DCS_A643
A644,PM21 P13電流值B,FORMULA-DCS_A644
A645,PM21 P13電流值C,FORMULA-DCS_A645
A646,PM21 P13進刀訊號,FORMULA-DCS_A646
A647,PM21 P13退刀訊號,FORMULA-DCS_A647
A648,PM21 P14磨漿機,FORMULA-DCS_A648
A649,PM21 1 P14 Kwh/t,FORMULA-DCS_A649
A650,PM21 1P14 POWER設定值(EIC-P125.KW),FORMULA-DCS_A650
A651,PM21 P14電流值A,FORMULA-DCS_A651
A652,PM21 P14進刀訊號,FORMULA-DCS_A652
A653,PM21 P14退刀訊號,FORMULA-DCS_A653
A654,PM21 P12toTP01回流(FIC-P315),FORMULA-DCS_A654
A655,PM21  P12 to TP01閥(HS-P199),FORMULA-DCS_A655
A656,PM21 高濃損紙PAC添加量(FI-P154),FORMULA-DCS_A656
A657,PM21 180T攪拌機,FORMULA-DCS_A657
A658,PM21 TP01送料泵壓力(PIC-P305),FORMULA-DCS_A658
A659,PM21 180T高濃損紙濃度(CIC-P304),FORMULA-DCS_A659
A660,PM21 BCTMP PAC添加量(FI-P353),FORMULA-DCS_A660
A661,PM21 180T送料泵壓力控制(PIC-P306),FORMULA-DCS_A661
A662,PM21 180T to TB04閥(HS-P210),FORMULA-DCS_A662
A663,PM21 180T to 離解機(P11)閥(HS-P211),FORMULA-DCS_A663
A664,PM21 180T處理量(FIC-P355),FORMULA-DCS_A664
A665,PM21 P11離解機電流A,FORMULA-DCS_A665
A666,PM21 P11離解機電流B,FORMULA-DCS_A666
A667,PM21 P11離解機電流C,FORMULA-DCS_A667
A668,PM21 1 P12磨漿機,FORMULA-DCS_A668
A669,PM21 1 P12 Kwh/t,FORMULA-DCS_A669
A670,PM21 1P12 POWER設定值(EIC-P310.KW),FORMULA-DCS_A670
A671,PM21 1 P12電流值A,FORMULA-DCS_A671
A672,PM21 1P12電流值B,FORMULA-DCS_A672
A673,PM21 1 P12電流值C,FORMULA-DCS_A673
A674,PM21 1P12進刀訊號,FORMULA-DCS_A674
A675,PM21 1P12退刀訊號,FORMULA-DCS_A675
A676,PM21 1 P12回流流量(FI-P313),FORMULA-DCS_A676
A677,PM21 1 BCTMP to TP04閉(HS-P519),FORMULA-DCS_A677
A678,PM21 1L直接配比toTP04閥(HS-P520),FORMULA-DCS_A678
A679,PM21 180T送料泵rpm(SI-P513),FORMULA-DCS_A679
A680,PM21  MPP23離解機,FORMULA-DCS_A680
A681,PM21  TP01 to TP04送料泵入口閥(HS-P517),FORMULA-DCS_A681
A682,PM21  TP01 to TP04送料泵(MPP24),FORMULA-DCS_A682
A683,PM21 1 MPP07濃度(CIC-P127),FORMULA-DCS_A683
A684,PM21 1 TP05液位計(LIC-P140),FORMULA-DCS_A684
A685,PM21 TP04液位計(LICA-P137),FORMULA-DCS_A685
A686,PM21 TP05 to TA01送料泵(MPP08),FORMULA-DCS_A686
A687,PM21  NBKP磨漿壓力(PI-P116),FORMULA-DCS_A687
A688,PM21 P13/P14 to 150T閥(HS-P191),FORMULA-DCS_A688
A689,PM21 150T to TP04閥(HS-P184),FORMULA-DCS_A689
A690,PM21 MP11離解機,FORMULA-DCS_A690
A691,PM21 牛皮回流閥toTP03(HS-P503),FORMULA-DCS_A691
A692,PM21 磨好的NBKPto 150T(HS-P504),FORMULA-DCS_A692
A693,PM21  NBKP送料泵(MPP20),FORMULA-DCS_A693
A694,PM21 150T送料泵轉速(PIC-P400),FORMULA-DCS_A694
A695,PM21 NC儲存桶攪拌機,FORMULA-DCS_A695
A696,PM21  NC儲存桶液位計(LIA-P705),FORMULA-DCS_A696
A697,PM21  NCto P05供應泵(MPP709),FORMULA-DCS_A697
A698,PM21  NCto P06供應泵(MPP710),FORMULA-DCS_A698
A699,PM21 P05NC供液液位計(LIA-P706),FORMULA-DCS_A699
A700,PM21 P06NC供桶液位計(LIA-P707),FORMULA-DCS_A700
A701,PM21 P05NC供應桶出口閥(HS-P702),FORMULA-DCS_A701
A702,PM21 P06NC供應桶出口閥(HS-P703),FORMULA-DCS_A702
A703,PM21 TB04 to TB05閥(HS-P331),FORMULA-DCS_A703
A704,PM21 未塗怖損紙toTB05閥(HS-B582),FORMULA-DCS_A704
A705,PM21 塗怖損紙to TB05閥(HS-B709),FORMULA-DCS_A705
A706,PM21 未塗怖損紙toTB01閉(HS-B581),FORMULA-DCS_A706
A707,PM21 塗怖損紙toTB01閥(HS-B710),FORMULA-DCS_A707
A708,PM21 TB04 to TB01閥(HS-P330),FORMULA-DCS_A708
A709,PM21 TB05液位計(LIA-B646),FORMULA-DCS_A709
A710,PM21 TB01液位計(LI-B580),FORMULA-DCS_A710
A711,PM21 MPB02入口閥(HS-P181),FORMULA-DCS_A711
A712,PM21 TB01送料泵運轉率(PIC-B577),FORMULA-DCS_A712
A713,PM21  TB01 to B02濃度計(CIC-B537),FORMULA-DCS_A713
A714,PM21  TB01 to B02流量計(FI-B545),FORMULA-DCS_A714
A715,PM21  TB01 to TB04閥(HS-P335),FORMULA-DCS_A715
A716,PM21 TB01 to TB08流量計(FFIC-B546),FORMULA-DCS_A716
A717,PM21  TB01 to B08開度(FFIC-B546R),FORMULA-DCS_A717
A718,PM21  B02入口閥(HS-P333),FORMULA-DCS_A718
A719,PM21  B02出入口壓差(PDIAS-B538),FORMULA-DCS_A719
A720,PM21  B02衝擊水(HS-B554),FORMULA-DCS_A720
A721,PM21 MB02壓力篩,FORMULA-DCS_A721
A722,PM21 排渣壓力(PDIAS-B541),FORMULA-DCS_A722
A723,PM21 B02軸封水訊號(FSA-B540),FORMULA-DCS_A723
A724,PM21  B02排渣閥(HI-B542),FORMULA-DCS_A724
A725,PM21 B02 to B01濃縮機流量(FIC-B543),FORMULA-DCS_A725
A726,PM21  B01脫水閥開度(HIC-B591),FORMULA-DCS_A726
A727,PM21  PF02出口閥(HS-B549),FORMULA-DCS_A727
A728,PM21  B01濃縮機SHOWER閥(HS-B533),FORMULA-DCS_A728
A729,PM21 MB01濃縮機,FORMULA-DCS_A729
A730,PM21 BO1脱水閥開度(HIC-B592),FORMULA-DCS_A730
A731,PM21 TB04攪拌機,FORMULA-DCS_A731
A732,PM21 TB04流量計(FFIC-P138-1),FORMULA-DCS_A732
A733,PM21  SPOOL&REELER PULPER to TB01閥(HS-B7,FORMULA-DCS_A733
A734,PM21  SPOOL&REELER PULPER to TB05閥(HS-B7,FORMULA-DCS_A734
A735,PM21 TB05攪拌機,FORMULA-DCS_A735
A736,PM21 TB05送料泵運轉率(PIC-B689-1),FORMULA-DCS_A736
A737,PM21 TB05送料泵出口閥開度(PIC-B689),FORMULA-DCS_A737
A738,PM21  TB05 PAC流量(FI-P151),FORMULA-DCS_A738
A739,PM21 TB05 to B04濃度計(CIC-B6521),FORMULA-DCS_A739
A740,PM21 B04入口閥(HS-P195),FORMULA-DCS_A740
A741,PM21 B04衝擊水閥(HS-B711),FORMULA-DCS_A741
A742,PM21 B04壓力差(F-R)(PDIAS-B653),FORMULA-DCS_A742
A743,PM21 MB04壓力篩,FORMULA-DCS_A743
A744,PM21 B04排渣閥(KS-B654),FORMULA-DCS_A744
A745,PM21 B04壓力差(R-A)(PDIAS-B656),FORMULA-DCS_A745
A746,PM21 B04 to B03流量計(FIC-B658),FORMULA-DCS_A746
A747,PM21 B03轉速(SIH-B711),FORMULA-DCS_A747
A748,PM21 B03 脱水閥(HIC-B719),FORMULA-DCS_A748
A749,PM21 MB03濃縮機,FORMULA-DCS_A749
A750,PM21 B03 shower閥 (HS-B648),FORMULA-DCS_A750
A751,PM21 B03脱水閥(HIC-B720),FORMULA-DCS_A751
A752,PM21 TB08 to 180T閥(HS-W31),FORMULA-DCS_A752
A753,PM21 PB08運轉率(PIC-P208),FORMULA-DCS_A753
A754,PM21 白水壓力(PIC-W17),FORMULA-DCS_A754
A755,PM21 B06 shower閥 (HI-B660),FORMULA-DCS_A755
A756,PM21 B06 shower閥 (HI-B661),FORMULA-DCS_A756
A757,PM21  B04 to B06開度(HI-B657),FORMULA-DCS_A757
A758,PM21 TB09液位計(LICA-B680-1),FORMULA-DCS_A758
A759,PM21 TB09攪拌機,FORMULA-DCS_A759
A760,PM21 TB09 to B07濃度計(CI-B007),FORMULA-DCS_A760
A761,PM21 PB09濃調比例閥開度(CIC-B685),FORMULA-DCS_A761
A762,PM21 B07壓力差(PDIAS-B670),FORMULA-DCS_A762
A763,PM21 B07衝擊水閥(HS-B667),FORMULA-DCS_A763
A764,PM21 MB07壓力篩,FORMULA-DCS_A764
A765,PM21 B07 to B03流量(FI-B679),FORMULA-DCS_A765
A766,PM21 B07 to B08流量(FFIC-B666),FORMULA-DCS_A766
A767,PM21 B07排渣的白水流量(FFIC-B672),FORMULA-DCS_A767
A768,PM21 B08沖擊水閥(HS-B674),FORMULA-DCS_A768
A769,PM21 MB08壓力篩,FORMULA-DCS_A769
A770,PM21 B08壓力差(PDIAS-B675),FORMULA-DCS_A770
A771,PM21 B05to TB09流量(FFIC-B664),FORMULA-DCS_A771
A772,PM21 MB05離解機,FORMULA-DCS_A772
A773,PM21 B05離解機電流A,FORMULA-DCS_A773
A774,PM21 B05離解機電流B,FORMULA-DCS_A774
A775,PM21 B05離解機電流C,FORMULA-DCS_A775
A776,PM21 TF03液位計(LI-F07),FORMULA-DCS_A776
A777,PM21 TF01液位計(LIC-F02),FORMULA-DCS_A777
A778,PM21 清水流量(FIQ-F01),FORMULA-DCS_A778
A779,PM21 PFO2壓力(PIC-F05),FORMULA-DCS_A779
A780,PM21 調成軸封水泵(MPF02) ,FORMULA-DCS_A780
A781,PM21  TW01液位計(LIC-W01.9-1),FORMULA-DCS_A781
A782,PM21 補TW01清水閥(HS-W18),FORMULA-DCS_A782
A783,PM21 TW01 to TW04閥(HI-P339),FORMULA-DCS_A783
A784,PM21 紙車回收水toTA11閥(HS-A25),FORMULA-DCS_A784
A785,PM21  TA11液位計(LIC-W17),FORMULA-DCS_A785
A786,PM21  PW07壓力(PIC-W14),FORMULA-DCS_A786
A787,PM21 PW08和PW09連接接閥(HS-W30),FORMULA-DCS_A787
A788,PM21  PW09壓力(PIC-W16),FORMULA-DCS_A788
A789,PM21 PW06和PW08連接閥(HS-W22),FORMULA-DCS_A789
A790,PM21 濃調加水泵(MPW06),FORMULA-DCS_A790
A791,PM21 TW02攪拌機,FORMULA-DCS_A791
A792,PM21 TWO2液位計(LI-W29),FORMULA-DCS_A792
A793,PM21 TA11 to DISC FILTER 白水泵(MPW16),FORMULA-DCS_A793
A794,PM21 TW01 to TA11閥(HS-304),FORMULA-DCS_A794
A795,PM21 紙車回收水to TW02閥(HS-A86),FORMULA-DCS_A795
A796,PM21 TW01 to TW02(閥(HI-W16),FORMULA-DCS_A796
A797,PM21 TWO2補清水閥(HS-W19),FORMULA-DCS_A797
A798,PM21 TP04 to DISC FILTER 送料泵(MPP07),FORMULA-DCS_A798
A799,PM21 墊底漿輸送機(MW01.2),FORMULA-DCS_A799
A800,PM21 盤式過濾機(MW01),FORMULA-DCS_A800
A801,PM21 盤式過濾機沖刷水(MW01.1),FORMULA-DCS_A801
A802,PM21 盤式過機沖刷水泵(MPW02),FORMULA-DCS_A802
A803,PM21 盤式過濾機沖刷水閥(HS-W08),FORMULA-DCS_A803
A804,PM21 調節四角池液位泵(MPW04),FORMULA-DCS_A804
A805,PM21  PW10流量計9FIC-W25),FORMULA-DCS_A805
A806,PM21  PW10 to 高濃白水閥(HS-P218),FORMULA-DCS_A806
A807,PM21 TW07攪拌機,FORMULA-DCS_A807
A808,PM21  MPW05出口閥(LIC-W10),FORMULA-DCS_A808
A809,PM21  TF07液位計(LIC-W13),FORMULA-DCS_A809
A810,PM21  Clay 1儲存桶液位,COATER-DCS_A810
A811,PM21  Clay 1供應泵,COATER-DCS_A811
A812,PM21  Clay 1自動壓力篩入、出口壓差,COATER-DCS_A812
A813,PM21 1 Clay 1 TO MIXER 配料閥,COATER-DCS_A813
A814,PM21 1 Clay 2儲存桶液位,COATER-DCS_A814
A815,PM21  Clay 2供應泵,COATER-DCS_A815
A816,PM21  Clay 2自動壓力篩入、出口壓差,COATER-DCS_A816
A817,PM21  Clay 2 TO MIXER 配料閥,COATER-DCS_A817
A818,PM21 CaCO3 1 儲存桶液位,COATER-DCS_A818
A819,PM21 CaCO3 1 供應泵,COATER-DCS_A819
A820,PM21 CaCO3 1 自動壓力篩入、出口壓差,COATER-DCS_A820
A821,PM21 CaCO3 1 TO MIXER 配料閥,COATER-DCS_A821
A822,PM21 CaCO3 2 儲存桶液位,COATER-DCS_A822
A823,PM21 CaCO3 2 供應泵,COATER-DCS_A823
A824,PM21 CaCO3 2 自動壓力篩入、出口壓差,COATER-DCS_A824
A825,PM21 CaCO3 2 TO MIXER 配料閥,COATER-DCS_A825
A826,PM21 CaCO3 3 儲存桶液位,COATER-DCS_A826
A827,PM21 CaCO3 3 供應泵,COATER-DCS_A827
A828,PM21 CaCO3 3 自動壓力篩入、出口壓差,COATER-DCS_A828
A829,PM21 CaCO3 3 TO MIXER 配料閥,COATER-DCS_A829
A830,PM21 A.P白土儲存桶液位,COATER-DCS_A830
A831,PM21 A.P白土供應泵,COATER-DCS_A831
A832,PM21 A.P白土自動壓力篩入、出口壓差,COATER-DCS_A832
A833,PM21 A.P白土 TO MIXER 配料閥,COATER-DCS_A833
A834,PM21 Latex 1儲存桶液位,COATER-DCS_A834
A835,PM21 Latex 1配料Air pump,COATER-DCS_A835
A836,PM21 Latex 1 TO MIXER 配料閥,COATER-DCS_A836
A837,PM21 Latex 2儲存桶液位,COATER-DCS_A837
A838,PM21 Latex 2配料Air pump,COATER-DCS_A838
A839,PM21 Latex 2 TOMIXER 配料閥,COATER-DCS_A839
A840,PM21 Latex 3儲存桶液位,COATER-DCS_A840
A841,PM21 Latex 3配料Air pump,COATER-DCS_A841
A842,PM21 Latex 3 TO MIXER 配料閥,COATER-DCS_A842
A843,PM21 PVA蒸煮桶攪拌機,COATER-DCS_A843
A844,PM21 PVA蒸煮桶液位,COATER-DCS_A844
A845,PM21 PVA蒸煮桶蒸氣、溫度,COATER-DCS_A845
A846,PM21 PVA 20T儲存桶液位,COATER-DCS_A846
A847,PM21 PVA 8T儲存桶液位,COATER-DCS_A847
A848,PM21 PVA沖泡入料+澎潤時間設定,COATER-DCS_A848
A849,PM21 PVA蒸煮混合時間設定,COATER-DCS_A849
A850,PM21 PVA蒸煮溫度持溫時間設定,COATER-DCS_A850
A851,PM21 PVA配料供應泵,COATER-DCS_A851
A852,PM21 PVA TO MIXER 配料閥,COATER-DCS_A852
A853,PM21 醋酸澱粉蒸煮桶攪拌機,COATER-DCS_A853
A854,PM21 醋酸澱粉蒸煮桶LoadCell,COATER-DCS_A854
A855,PM21 醋酸澱粉蒸煮桶蒸氣、溫度計,COATER-DCS_A855
A856,PM21 醋酸澱粉2儲存桶液位,COATER-DCS_A856
A857,PM21 醋酸澱粉2配料供應泵,COATER-DCS_A857
A858,PM21 CMC沖泡稀釋桶Load Cell,COATER-DCS_A858
A859,PM21 CMC沖泡稀釋桶温度計,COATER-DCS_A859
A860,PM21 CMC-5儲存桶液位,COATER-DCS_A860
A861,PM21 CMC-5 配料供應泵,COATER-DCS_A861
A862,PM21 CMC-5 TO MIXER 配料閥,COATER-DCS_A862
A863,PM21 CMC-10儲存桶液位,COATER-DCS_A863
A864,PM21 CMC-10 TO MIXER配料供應泵,COATER-DCS_A864
A865,PM21 CMC-10 TO MIXER 配料閥,COATER-DCS_A865
A866,PM21 HS-90儲存桶液位,COATER-DCS_A866
A867,PM21 HS-90 TO MIXER配料供應泵,COATER-DCS_A867
A868,PM21 HS-90 TO MIXER 配料閥,COATER-DCS_A868
A869,PM21 RS-30儲存桶液位,COATER-DCS_A869
A870,PM21 Stearate儲存桶液位,COATER-DCS_A870
A871,PM21 Stearate TO MIXER配料供應泵,COATER-DCS_A871
A872,PM21 Stearate TO MIXER配料閥,COATER-DCS_A872
A873,PM21 濕強劑1儲存桶液位,COATER-DCS_A873
A874,PM21 濕強劑1供應桶液位,COATER-DCS_A874
A875,PM21 濕強劑1 TO MIXER配料供應泵,COATER-DCS_A875
A876,PM21 濕強劑1 TO MIXER配料閥,COATER-DCS_A876
A877,PM21 濕強劑1 TO MIXER配料流量計,COATER-DCS_A877
A878,PM21 濕強劑2 儲存桶液位,COATER-DCS_A878
A879,PM21 濕強劑2 供應桶液位,COATER-DCS_A879
A880,PM21 濕強劑2 TO稀釋供應泵,COATER-DCS_A880
A881,PM21 濕強劑2 稀釋水流量,COATER-DCS_A881
A882,PM21 濕強劑2 原液稀釋流量,COATER-DCS_A882
A883,PM21 分散劑儲存桶液位,COATER-DCS_A883
A884,PM21 分散劑 TO MIXER配料供應泵,COATER-DCS_A884
A885,PM21 分散劑 TO MIXER配料流量計,COATER-DCS_A885
A886,PM21 分散劑 TO MIXER配料閥,COATER-DCS_A886
A887,PM21 螢光劑儲存桶液位,COATER-DCS_A887
A888,PM21 螢光劑 TO MIXER配料供應泵,COATER-DCS_A888
A889,PM21 螢光劑 TO MIXER配料流量計,COATER-DCS_A889
A890,PM21 SODA儲存桶液位,COATER-DCS_A890
A891,PM21 SODA TO MIXER配料供應泵,COATER-DCS_A891
A892,PM21 SODA TO MIXER配料流量計,COATER-DCS_A892
A893,PM21 21m/c SODA TO MIXER配料閥,COATER-DCS_A893
A894,PM21 10MC SODA TO MIXER配料閥,COATER-DCS_A894
A895,PM21 濕端SODA供應泵,MEDIC-DCS_A895
A896,PM21 濕端 SODA稀釋桶液位,MEDIC-DCS_A896
A897,PM21 青蓮染料供應桶液位,COATER-DCS_A897
A898,PM21 青蓮染料TO MIXER配料供應泵,COATER-DCS_A898
A899,PM21 青蓮染料TO MIXER配料閥,COATER-DCS_A899
A900,PM21 消泡劑供應桶液位,COATER-DCS_A900
A901,PM21 消泡劑 TO MIXER配料供應泵,COATER-DCS_A901
A902,PM21 消泡劑 TOMIXER配料流量計,COATER-DCS_A902
A903,PM21 消泡劑 TOMIXER配料閥,COATER-DCS_A903
A904,PM21 殺菌劑供應桶液位,COATER-DCS_A904
A905,PM21 殺菌劑 TOMIXER配料供應泵,COATER-DCS_A905
A906,PM21 殺菌劑 TOMIXER配料閥,COATER-DCS_A906
A907,PM21 HA-8500儲存桶液位,COATER-DCS_A907
A908,PM21 HA-8500 TOMIXER配料供應泵,COATER-DCS_A908
A909,PM21 HA-8500 TO MIXER配料流量計,COATER-DCS_A909
A910,PM21 HA-8500 TOMIXER配料閥,COATER-DCS_A910
A911,PM21 MIXER 1 Load Cell,COATER-DCS_A911
A912,PM21 MIXER 1低速攪拌,COATER-DCS_A912
A913,PM21 MIXER 1高速攪拌,COATER-DCS_A913
A914,PM21 MIXER 1進料閥,COATER-DCS_A914
A915,PM21 配料槽清水閥,COATER-DCS_A915
A916,PM21 配料槽清水流量計,COATER-DCS_A916
A917,PM21 配料槽清水累計量,COATER-DCS_A917
A918,PM21 殺菌劑進料閥,COATER-DCS_A918
A919,PM21 MIXER 熱水進料閥,COATER-DCS_A919
A920,PM21 MIXER 1糊水配粉進料閥,COATER-DCS_A920
A921,PM21 ON-MACHINE儲存桶1入料閥,COATER-DCS_A921
A922,PM21 ON-MACHINE儲存桶2入料閥,COATER-DCS_A922
A923,PM21 MIXER 2 Load Cell,COATER-DCS_A923
A924,PM21 MIXER 2低速攪拌,COATER-DCS_A924
A925,PM21 MIXER 2高速攪拌,COATER-DCS_A925
A926,PM21 MIXER 2進料閥,COATER-DCS_A926
A927,PM21 ON-MACHINE 儲存桶 1液位,COATER-DCS_A927
A928,PM21 ON-MACHINE 儲存桶 2液位,COATER-DCS_A928
A929,PM21 ON-MACHINE儲存桶1 TO供應桶流量計,COATER-DCS_A929
A930,PM21 ON-MACHINE儲存桶2 TO供應桶流量計,COATER-DCS_A930
A931,PM21 Reclaim Tank 1液位,COATER-DCS_A931
A932,PM21 儲存桶1糊水入料閥,COATER-DCS_A932
A933,PM21 儲存桶2糊水入料閥,COATER-DCS_A933
A934,PM21 OFF-Machine 儲存桶1液位,COATER-DCS_A934
A935,PM21 OFF-Machine 儲存桶2液位,COATER-DCS_A935
A936,PM21 OFF-Machine 供應桶1入料流量計,COATER-DCS_A936
A937,PM21 OFF-Machine 供應桶 2入料流量計,COATER-DCS_A937
A938,PM21 Reclaim Tank 2液位,COATER-DCS_A938
A939,PM21 Reclaim Tank 2-1液位,COATER-DCS_A939
A940,PM21 Reclaim Tank 3液位,COATER-DCS_A940
A941,PM21 OFF-Machine 供應桶1入料比例閥,COATER-DCS_A941
A942,PM21 OFF-Machine 供應桶 2入料比例閥,COATER-DCS_A942
A943,PM21 On-Machine 供應桶1温度,COATER-DCS_A943
A944,PM21 On-Machine 供應桶1液位,COATER-DCS_A944
A945,PM21 On-Machine 下轆塗佈塗料供應泵 1 RPM,COATER-DCS_A945
A946,PM21 On-Machine 下轆塗佈塗料供應泵 2 RPM,COATER-DCS_A946
A947,PM21 On-Machine 下轆塗料供應壓力篩入、出口,COATER-DCS_A947
A948,PM21 On-Machine 下轆塗佈塗料下循環比例閥,COATER-DCS_A948
A949,PM21 On-Machine 下轆塗佈塗料上循環切换閥,COATER-DCS_A949
A950,PM21 On-Machine 下轆塗佈管塗料排放閥,COATER-DCS_A950
A951,PM21 On-Machine 下轆塗佈塗料上循環迴流閥,COATER-DCS_A951
A952,PM21 On-Machine下轆塗佈塗料上循環清洗排放閥,COATER-DCS_A952
A953,PM21 On-Machine 下轆塗佈頭熱水清洗閥,COATER-DCS_A953
A954,PM21 On-Machine 下轆塗佈糊水上循環最後 RPM,COATER-DCS_A954
A955,PM21 On-Machine 下轆塗佈塗料上循環最後RPM,COATER-DCS_A955
A956,PM21 On-Machine 塗料清洗桶液位,COATER-DCS_A956
A957,PM21 On-Machine 塗料清洗桶輸送泵,COATER-DCS_A957
A958,PM21 On-Machine 塗料清洗桶 TO 250MT白水桶,COATER-DCS_A958
A959,PM21 0n-Machine 塗料清洗桶 TOU.F閥,COATER-DCS_A959
A960,PM21 On-Machine 供應桶2溫度,COATER-DCS_A960
A961,PM21 On-Machine 供應桶2液位,COATER-DCS_A961
A962,PM21 On-Machine 上轆塗佈塗料供泵1RPM,COATER-DCS_A962
A963,PM21 On-Machine 上轆塗佈塗料供泵2RPM,COATER-DCS_A963
A964,PM21 On-Machine 上轆塗料供應壓力篩入、出口,COATER-DCS_A964
A965,PM21 On-Machine 上轆塗佈塗料下循環比例閥,COATER-DCS_A965
A966,PM21 On-Machine 上轆塗佈塗料上循環切換閥,COATER-DCS_A966
A967,PM21 0n-Machine 上轆塗佈塗料排放閥,COATER-DCS_A967
A968,PM21 On-Machine 上轆塗佈塗料上循環迴流閥,COATER-DCS_A968
A969,PM21 On-Machine 上轆塗佈塗料上循環清洗排放閥,COATER-DCS_A969
A970,PM21 On-Machine上轆塗佈頭熱水清洗閥,COATER-DCS_A970
A971,PM21 On-Machine 上轆塗佈塗料上循環流量計,COATER-DCS_A971
A972,PM21 On-Machine上轆塗佈糊水上循環最後RPM,COATER-DCS_A972
A973,PM21 On-Machine上轆塗佈塗料上循環最後RPM,COATER-DCS_A973
A974,PM21 On-Machine 下轆回收桶液位,COATER-DCS_A974
A975,PM21 On-Machine下轆回收桶輸送壓力篩入、出口,COATER-DCS_A975
A976,PM21 On-Machine 上轆回收桶液位,COATER-DCS_A976
A977,PM21 On-Machine 上聽回收桶輸送壓力篩入、出口,COATER-DCS_A977
A978,PM21 C-65碳酸鈣儲存桶1液位,MEDIC-DCS_A978
A979,PM21 C-65碳酸鈣儲存桶2液位,MEDIC-DCS_A979
A980,PM21 C-65碳酸鈣儲存桶1添加泵,MEDIC-DCS_A980
A981,PM21 C-65碳酸鈣儲存桶2添加泵,MEDIC-DCS_A981
A982,PM21 C-65碳酸鈣儲存桶1添加流量計,MEDIC-DCS_A982
A983,PM21 C-65碳酸鈣儲存桶2添加流量計,MEDIC-DCS_A983
A984,PM21 陽性(生)澱粉儲存桶液位,MEDIC-DCS_A984
A985,PM21 陽性(生)澱粉蒸煮流量計,MEDIC-DCS_A985
A986,PM21 陽性(生)澱粉蒸煮溫度蒸氣控制,MEDIC-DCS_A986
A987,PM21 陽性(熟)澱粉稀釋清水流量控制,MEDIC-DCS_A987
A988,PM21 陽性(熟)澱粉儲存桶液位,MEDIC-DCS_A988
A989,PM21 乳化用澱粉儲存桶液位,MEDIC-DCS_A989
A990,PM21 乳化用澱粉輸送泵,MEDIC-DCS_A990
A991,PM21 ASA乳化機澱粉輸送泵,MEDIC-DCS_A991
A992,PM21 ASA乳化機澱粉輸送(備用)泵,MEDIC-DCS_A992
A993,PM21 ASA乳化機澱粉輸送迴流閥,MEDIC-DCS_A993
A994,PM21 內添陽性澱粉儲存桶出口閥,MEDIC-DCS_A994
A995,PM21 內添陽性澱粉儲存桶清水閥,MEDIC-DCS_A995
A996,PM21 内添陽性澱粉添加備用泵,MEDIC-DCS_A996
A997,PM21 内添陽性澱粉添加備用泵流量控制,MEDIC-DCS_A997
A998,PM21 内添陽性澱粉添加泵,MEDIC-DCS_A998
A999,PM21 内添陽性澱粉添加自動壓力篩入、出口壓差,MEDIC-DCS_A999
A1000,PM21 内添陽性澱粉添加線上稀釋水,MEDIC-DCS_A1000
A1001,PM21 ASA乳化機澱粉輸送自動壓力篩入、出口壓差,MEDIC-DCS_A1001
A1002,PM21 A台ASA乳化機一次澱粉流量,MEDIC-DCS_A1002
A1003,PM21 A台ASA乳化機二次澱粉流量,MEDIC-DCS_A1003
A1004,PM21 A台ASA乳化機二次澱粉迴流壓力,MEDIC-DCS_A1004
A1005,PM21 乳化用陽性澱粉PH值,MEDIC-DCS_A1005
A1006,PM21 B台ASA乳化機一次澱粉流量,MEDIC-DCS_A1006
A1007,PM21 B台ASA乳化機二次澱粉流量,MEDIC-DCS_A1007
A1008,PM21 B台ASA乳化機二次澱粉迴流壓力,MEDIC-DCS_A1008
A1009,PM21 A台ASA供應泵,MEDIC-DCS_A1009
A1010,PM21 B台ASA供應泵,MEDIC-DCS_A1010
A1011,PM21 PA-07乳膠添加閥,COATER-DCS_A1011
A1012,PM21 ASA儲存桶液位,MEDIC-DCS_A1012
A1013,PM21 Retention 1原液儲存桶液位,MEDIC-DCS_A1013
A1014,PM21 Retention 1 Dilution 1儲存桶液位,MEDIC-DCS_A1014
A1015,PM21 Retention 1 Dilution 2儲存桶液位,MEDIC-DCS_A1015
A1016,PM21 Retention 1添加供應泵,MEDIC-DCS_A1016
A1017,PM21 Retention 1添加供應流量計,MEDIC-DCS_A1017
A1018,PM21 Retention 1添加供應自動壓力篩入、出口壓,MEDIC-DCS_A1018
A1019,PM21 Eka添加泵,MEDIC-DCS_A1019
A1020,PM21 Eka添加稀釋清水泵,MEDIC-DCS_A1020
A1021,PM21 KT 儲存桶液位,MEDIC-DCS_A1021
A1022,PM21 KT 添加泵流量,MEDIC-DCS_A1022
A1023,PM21 AKD 儲存桶液位,MEDIC-DCS_A1023
A1024,PM21 AKD 添加泵,MEDIC-DCS_A1024
A1025,PM21 TC-140儲存桶液位,MEDIC-DCS_A1025
A1026,PM21 TC-140供應桶 1液位,MEDIC-DCS_A1026
A1027,PM21 TC-140供應桶 2液位,MEDIC-DCS_A1027
A1028,PM21 TC-140添加泵 1RPM,MEDIC-DCS_A1028
A1029,PM21 TC-140添加泵 2RPM,MEDIC-DCS_A1029
A1030,PM21 濕端染料1原液桶液位,MEDIC-DCS_A1030
A1031,PM21 濕端染料1供應桶液位,MEDIC-DCS_A1031
A1032,PM21 濕端染料1添加輸送流量控制,MEDIC-DCS_A1032
A1033,PM21 濕端染料2原液桶液位,MEDIC-DCS_A1033
A1034,PM21 濕端染料2供應桶液位,MEDIC-DCS_A1034
A1035,PM21 濕端染料2添加輸送泵,MEDIC-DCS_A1035
A1036,PM21 濕端染料2添加輸送流量控制,MEDIC-DCS_A1036
A1037,PM21 濕端染料3原液桶液位,MEDIC-DCS_A1037
A1038,PM21 濕端染料3供應桶液位,MEDIC-DCS_A1038
A1039,PM21 濕端染料3添加輸送泵,MEDIC-DCS_A1039
A1040,PM21 濕端染料3添加輸送流量控制,MEDIC-DCS_A1040
A1041,PM21 SODA稀釋流量計,MEDIC-DCS_A1041
A1042,PM21 On-Machine 冷凍水供應泵,COATER-DCS_A1042
A1043,PM21 塗料藥品冷凍水循環泵,COATER-DCS_A1043
A1044,PM21 冷凍水液位,COATER-DCS_A1044
A1045,PM21 Off-Machine冷凍水供應泵,COATER-DCS_A1045
A1046,PM21 塗佈機冷凍水循環泵,COATER-DCS_A1046
A1047,PM21 清水水塔供應泵 1,COATER-DCS_A1047
A1048,PM21 清水水塔供應泵 2,COATER-DCS_A1048
A1049,PM21 塗料區軸封水供應泵,COATER-DCS_A1049
A1050,PM21 塗料用清水輸送泵 1,COATER-DCS_A1050
A1051,PM21 塗料用清水輸送泵 2,COATER-DCS_A1051
A1052,PM21 乾強劑儲存桶液位,MEDIC-DCS_A1052
A1053,PM21 乾強劑添加泵,MEDIC-DCS_A1053
A1054,PM21 乾強劑添加流量,MEDIC-DCS_A1054
A1055,PM21 基重平均值,ROLL-DCS_A1055
A1056,PM21 基重2 sigma,ROLL-DCS_A1056
A1057,PM21 水份平均值,ROLL-DCS_A1057
A1058,PM21 水份2 sigma,ROLL-DCS_A1058
A1059,PM21 厚度平均值,ROLL-DCS_A1059
A1060,PM21 厚度2 sigma,ROLL-DCS_A1060
A1061,PM21 DRY SOLID 設定比例,COATER-DCS_A1061
A1062,PM21 COMPONENTS SUM 設定比例,COATER-DCS_A1062
A1063,PM21 COMPONENTS SUM 設定用量,COATER-DCS_A1063
A1064,PM21 COMPONENTS SUM 實際用量,COATER-DCS_A1064
A1065,PM21 BATCH SIZE 設定比例,COATER-DCS_A1065
A1066,PM21 Interval mixing 設定比例,COATER-DCS_A1066
A1067,PM21 Interval mixing 實際用量,COATER-DCS_A1067
A1068,PM21 Post mixing 設定比例,COATER-DCS_A1068
A1069,PM21 Post mixing 實際用量,COATER-DCS_A1069
A1070,PM21 Clay 1 設定比例,COATER-DCS_A1070
A1071,PM21 Clay 1 設定用量,COATER-DCS_A1071
A1072,PM21 Clay 1 實際用量,COATER-DCS_A1072
A1073,PM21 Clay 2 設定比例,COATER-DCS_A1073
A1074,PM21 Clay 2 設定用量,COATER-DCS_A1074
A1075,PM21 Clay 2 實際用量,COATER-DCS_A1075
A1076,PM21 CaCO3 1 設定比例,COATER-DCS_A1076
A1077,PM21 CaCO3 1 設定用量,COATER-DCS_A1077
A1078,PM21 CaCO3 1 實際用量,COATER-DCS_A1078
A1079,PM21 CaCO3 2 設定比例,COATER-DCS_A1079
A1080,PM21 CaCO3 2 設定用量,COATER-DCS_A1080
A1081,PM21 CaCO3 2 實際用量,COATER-DCS_A1081
A1082,PM21 CaCO3 3 設定比例,COATER-DCS_A1082
A1083,PM21 CaCO3 3 設定用量,COATER-DCS_A1083
A1084,PM21 CaCO3 3 實際用量,COATER-DCS_A1084
A1085,PM21 SATIN WHITE 設定比例,COATER-DCS_A1085
A1086,PM21 SATIN WHITE 設定用量,COATER-DCS_A1086
A1087,PM21 SATIN WHITE 實際用量,COATER-DCS_A1087
A1088,PM21 PLASTIC PIGMENT 設定比例,COATER-DCS_A1088
A1089,PM21 PLASTIC PIGMENT 設定用量,COATER-DCS_A1089
A1090,PM21 PLASTIC PIGMENT 實際用量,COATER-DCS_A1090
A1091,PM21 LATEX 1 設定比例,COATER-DCS_A1091
A1092,PM21 LATEX 1 設定用量,COATER-DCS_A1092
A1093,PM21 LATEX 1 實際用量,COATER-DCS_A1093
A1094,PM21 LATEX 2 設定比例,COATER-DCS_A1094
A1095,PM21 LATEX 2 設定用量,COATER-DCS_A1095
A1096,PM21 LATEX 2 實際用量,COATER-DCS_A1096
A1097,PM21 LATEX 3 設定比例,COATER-DCS_A1097
A1098,PM21 LATEX 3 設定用量,COATER-DCS_A1098
A1099,PM21 LATEX 3 實際用量,COATER-DCS_A1099
A1100,PM21 STARCH 1 設定比例,COATER-DCS_A1100
A1101,PM21 STARCH 1 設定用量,COATER-DCS_A1101
A1102,PM21 STARCH 1 實際用量,COATER-DCS_A1102
A1103,PM21 STARCH 2 設定比例,COATER-DCS_A1103
A1104,PM21 STARCH 2 設定用量,COATER-DCS_A1104
A1105,PM21 STARCH 2 實際用量,COATER-DCS_A1105
A1106,PM21 CMC 設定比例,COATER-DCS_A1106
A1107,PM21 CMC 設定用量,COATER-DCS_A1107
A1108,PM21 CMC 實際用量,COATER-DCS_A1108
A1109,PM21 PVA 設定比例,COATER-DCS_A1109
A1110,PM21 PVA 設定用量,COATER-DCS_A1110
A1111,PM21 PVA 實際用量,COATER-DCS_A1111
A1112,PM21 PRE-WATER 設定比例,COATER-DCS_A1112
A1113,PM21 PRE-WATER 設定用量,COATER-DCS_A1113
A1114,PM21 PRE-WATER 實際用量,COATER-DCS_A1114
A1115,PM21 POST-WATER 設定比例,COATER-DCS_A1115
A1116,PM21 POST-WATER 設定用量,COATER-DCS_A1116
A1117,PM21 POST-WATER 實際用量,COATER-DCS_A1117
A1118,PM21 WARM WATER 設定比例,COATER-DCS_A1118
A1119,PM21 WARM WATER 設定用量,COATER-DCS_A1119
A1120,PM21 WARM WATER 實際用量,COATER-DCS_A1120
A1121,PM21 STEARATE 設定比例,COATER-DCS_A1121
A1122,PM21 STEARATE 設定用量,COATER-DCS_A1122
A1123,PM21 STEARATE 實際用量,COATER-DCS_A1123
A1124,PM21 HARDENER 1 設定比例,COATER-DCS_A1124
A1125,PM21 HARDENER 1 設定用量,COATER-DCS_A1125
A1126,PM21 HARDENER 1 實際用量,COATER-DCS_A1126
A1127,PM21 HARDENER 2 (Disp) 設定比例,COATER-DCS_A1127
A1128,PM21 HARDENER 2 (Disp) 設定用量,COATER-DCS_A1128
A1129,PM21 HARDENER 2 (Disp) 實際用量,COATER-DCS_A1129
A1130,PM21 DISPERSING(L-131) 設定比例,COATER-DCS_A1130
A1131,PM21 DISPERSING(L-131) 設定用量,COATER-DCS_A1131
A1132,PM21 DISPERSING(L-131) 實際用量,COATER-DCS_A1132
A1133,PM21 OPTICAL BRIGHTENER 設定比例,COATER-DCS_A1133
A1134,PM21 OPTICAL BRIGHTENER 設定用量,COATER-DCS_A1134
A1135,PM21 OPTICAL BRIGHTENER 實際用量,COATER-DCS_A1135
A1136,PM21 CAUSTIC SODA 設定比例,COATER-DCS_A1136
A1137,PM21 CAUSTIC SODA 設定用量,COATER-DCS_A1137
A1138,PM21 CAUSTIC SODA 實際用量,COATER-DCS_A1138
A1139,PM21 DYE 設定比例,COATER-DCS_A1139
A1140,PM21 DYE 設定用量,COATER-DCS_A1140
A1141,PM21 DYE 實際用量,COATER-DCS_A1141
A1142,PM21 DEFOAMER 設定比例,COATER-DCS_A1142
A1143,PM21 DEFOAMER 設定用量,COATER-DCS_A1143
A1144,PM21 DEFOAMER 實際用量,COATER-DCS_A1144
A1145,PM21 BIOCIDE 設定比例,COATER-DCS_A1145
A1146,PM21 BIOCIDE 設定用量,COATER-DCS_A1146
A1147,PM21 BIOCIDE 實際用量,COATER-DCS_A1147
A1148,PM21 SIZING AGENT 設定比例,COATER-DCS_A1148
A1149,PM21 SIZING AGENT 設定用量,COATER-DCS_A1149
A1150,PM21 SIZING AGENT 實際用量,COATER-DCS_A1150
A1151,PM21 RECLAIM 1 設定比例,COATER-DCS_A1151
A1152,PM21 RECLAIM 1 設定用量,COATER-DCS_A1152
A1153,PM21 RECLAIM 1 實際用量,COATER-DCS_A1153
A1154,PM21 RECLAIM 2 設定比例,COATER-DCS_A1154
A1155,PM21 RECLAIM 2 設定用量,COATER-DCS_A1155
A1156,PM21 RECLAIM 2 實際用量,COATER-DCS_A1156
A1157,PM21 Clay 1儲存桶迴流閥,COATER-DCS_A1157
A1158,PM21 Clay 1儲存桶入料泵,COATER-DCS_A1158
A1159,PM21 Clay 1儲存桶入料閥,COATER-DCS_A1159
A1160,PM21 Clay 2儲存桶迴流閥,COATER-DCS_A1160
A1161,PM21 Clay 2儲存桶入料泵,COATER-DCS_A1161
A1162,PM21 Clay 2儲存桶入料閥,COATER-DCS_A1162
A1163,PM21 CaCO3 1儲存桶迴流閥,COATER-DCS_A1163
A1164,PM21 CaCO3 1儲存桶入料泵,COATER-DCS_A1164
A1165,PM21 CaCO3 1儲存桶入料閥,COATER-DCS_A1165
A1166,PM21 CaCO3 2儲存桶迴流閥,COATER-DCS_A1166
A1167,PM21 CaCO3 2儲存桶入料泵,COATER-DCS_A1167
A1168,PM21 CaCO3 2儲存桶入料閥,COATER-DCS_A1168
A1169,PM21 CaCO3 3儲存桶迴流閥,COATER-DCS_A1169
A1170,PM21 CaCO3 3儲存桶入料泵,COATER-DCS_A1170
A1171,PM21 CaCO3 3儲存桶入料閥,COATER-DCS_A1171
A1172,PM21 A.P儲存桶迴流閥,COATER-DCS_A1172
A1173,PM21 A.P儲存桶入料泵,COATER-DCS_A1173
A1174,PM21 A.P儲存桶入料閥,COATER-DCS_A1174
A1175,PM21 Latex 1儲存桶入料氣動泵,COATER-DCS_A1175
A1176,PM21 Latex 1儲存桶人料閥,COATER-DCS_A1176
A1177,PM21 Latex 2儲存桶入料氣動泵,COATER-DCS_A1177
A1178,PM21 Latex 2儲存桶入料閥,COATER-DCS_A1178
A1179,PM21 HS-90 儲存桶入料泵,COATER-DCS_A1179
A1180,PM21 HS-90 儲存桶入料閥,COATER-DCS_A1180
A1181,PM21 Stearate儲存桶入料泵,COATER-DCS_A1181
A1182,PM21 濕強劑 1儲存桶入料泵,COATER-DCS_A1182
A1183,PM21 濕強劑 2儲存桶入料泵,COATER-DCS_A1183
A1184,PM21 分散劑儲存桶入料泵,COATER-DCS_A1184
A1185,PM21 螢光劑儲存桶入料泵,COATER-DCS_A1185
A1186,PM21 SODA儲存桶入料泵,COATER-DCS_A1186
A1187,PM21 HA-8500儲存桶入料泵,COATER-DCS_A1187
A1188,PM21 白水PH,MEDIC-DCS_A1188
A1189,PM21 白水導電度,MEDIC-DCS_A1189
A1190,PM21 塗前掃瞄架運行狀態,
A1191,PM21 捲取掃瞄架運行狀態,
A1192,PM21 紙別改抄,ROLL-DCS_A1192
A1193,MPA01 ABB實際RPM,MEDIC-DCS_A1193
A1194,ASA添加百分比,MEDIC-DCS_A1194
A1195,AKD添加百分比,MEDIC-DCS_A1195
A1196,澱粉添加百分比,MEDIC-DCS_A1196
A1197,乾強劑添加百分比,MEDIC-DCS_A1197
A1198,PAC添加百分比,MEDIC-DCS_A1198
A1199,EKA添加百分比,MEDIC-DCS_A1199
A1200,RET1添加百分比,MEDIC-DCS_A1200
A1201,RET3添加百分比,MEDIC-DCS_A1201
A1202,下轆塗料黏度即時值,COATER-DCS_A1202
A1203,PM21 180T高濃損紙濃度(CIC-P420),FORMULA-DCS_A1203
A1204,PM21 LBKP管壓力,
B1,PM21 下網 Suction Couch Roll D11 速度,SHAP-ABB_B1
B2,PM21 下網 Wire turning Roll D12 速度,SHAP-ABB_B2
B3,PM21 上網 Bel Bond  D13,SHAP-ABB_B3
B4,PM21 Pick up D14 速度,PRESSDRY-ABB_B4
B5,PM21 1st Press Btm Roll D15 速度,PRESSDRY-ABB_B5
B6,PM21 1st Press Top Roll D16 速度,PRESSDRY-ABB_B6
B7,PM21 2P CCR D17速度,PRESSDRY-ABB_B7
B8,PM21 Nipco Press Roll A(3P Shoe Press) 速度,PRESSDRY-ABB_B8
B9,PM21 Nipco Press Roll B(3P Shoe Press) 速度,PRESSDRY-ABB_B9
B10,PM21 4P Paper Transfer Roll D20 速度,PRESSDRY-ABB_B10
B11,PM21 4P CCR D21速度,PRESSDRY-ABB_B11
B12,PM21 4P 石轆 4th Press Top Rpll D22 速度,PRESSDRY-ABB_B12
B13,PM21 1st Dryer 3 D24 速度,BCDRY-ABB_B13
B14,PM21 1st Dryer 5 D25速度,BCDRY-ABB_B14
B15,PM21 2nd Dryer 7 D26速度,BCDRY-ABB_B15
B16,PM21 2nd Dryer 9 D27 速度,BCDRY-ABB_B16
B17,PM21 2nd Dryer 10 D28 速度,BCDRY-ABB_B17
B18,PM21 3rd Dryer 15 D29 速度,BCDRY-ABB_B18
B19,PM21 3rd Dryer 12 D30 速度,BCDRY-ABB_B19
B20,PM21 4th Dryer 22 D31 速度,BCDRY-ABB_B20
B21,PM21 4th Dryer 19 D32 速度,BCDRY-ABB_B21
B22,PM21 5th Dryer 28 D33 速度,SPEED_INFO-ABB_B22
B23,PM21 5th Dryer 25 D34 速度,BCDRY-ABB_B23
B24,PM21 5th Dryer 29 D35 速度,BCDRY-ABB_B24
B25,PM21 Paper Roll (塗佈前張力轆) D36 速度,COATER-ABB_B25
B26,PM21 Paper Roll (塗前導紙轆) D37 速度,COATER-ABB_B26
B27,PM21 Size Press BTM(塗怖下轆)D38 速度,SPEED_INFO-ABB_B27
B28,PM21 Size Press TOP (塗怖上轆) D39速度,SPEED_INFO-ABB_B28
B28,PM21 Size Press TOP (塗怖上轆) D39速度,SPEED_INFO-ABB_B28/B22
B29,PM21 Mounth Hope(IR擴張轆)D40速速度,COATER-ABB_B29
B30,PM21 6th Dryer 34/36 D41 速度,SPEED_INFO-ABB_B30
B31,PM21 6th Dryer 30 D42 速度,ACDRY-ABB_B31
B32,PM21 6th Dryer 31 D43 速度,ACDRY-ABB_B32
B33,PM21 Paper Roll (壓光前張力轆) D44速度,ROLL-ABB_B33
B34,PM21 Mounth Hope (壓光前擴張轆) D45速度,ROLL-ABB_B34
B35,PM21 Calender Top CCR(壓光上轆) D46 速度,SPEED_INFO-ABB_B35
B36,PM21 Calender BTM Roll(壓光下轆)D47 速度,ROLL-ABB_B36
B37,PM21 Paper Roll (壓光導紙轆) D48 速度,ROLL-ABB_B37
B38,PM21 Spresder Rool(捲取導紙轆)D49 速度,ROLL-ABB_B38
B39,PM21 Reel Drum (捲紙筒轆) D50 速度,ROLL-ABB_B39
B40,PM21 PA01 D58 速度,MEDIC-ABB_B40
B41,PM21 PA02 D59 速度,MEDIC-ABB_B41
B42,PM21 PA07 D60 速度,MEDIC-ABB_B42
B43,PM21 下網 Suction Couch Roll D11轉矩,SHAP-ABB_B43
B44,PM21 下網 Wire turning Roll D12轉矩,SHAP-ABB_B44
B45,PM21上網 Bel Bond D13轉矩,SHAP-ABB_B45
B46,PM21 Pick up D14 轉矩,PRESSDRY-ABB_B46
B47,PM21 1st Press Btm Roll D15轉矩,PRESSDRY-ABB_B47
B48,PM21 1st Press Top Roll D16轉矩,PRESSDRY-ABB_B48
B49,PM21 2P CCR D17轉矩,PRESSDRY-ABB_B49
B50,PM21 Nipco Press Roll A(3P Shoe Press)轉矩,PRESSDRY-ABB_B50
B51,PM21 Nipco Press Roll B(3P Shoe Press)轉矩,PRESSDRY-ABB_B51
B52,PM21 4P Paper Transfer Roll D20轉矩,PRESSDRY-ABB_B52
B53,PM21 4P CCR D21轉矩,PRESSDRY-ABB_B53
B54,PM21 4P 石轆 4th Press Top Rpll D22轉矩,PRESSDRY-ABB_B54
B55,PM21 1st Dryer 3 D24轉矩,BCDRY-ABB_B55
B56,PM21 1st Dryer 5 D25轉矩,BCDRY-ABB_B56
B57,PM21 2nd Dryer 7 D26轉矩,BCDRY-ABB_B57
B58,PM21 2nd Dryer 9 D27轉矩,BCDRY-ABB_B58
B59,PM21 2nd Dryer 10 D28轉矩,BCDRY-ABB_B59
B60,PM21 3rd Dryer 15 D29轉矩,BCDRY-ABB_B60
B61,PM21 3rd Dryer 12 D30轉矩,BCDRY-ABB_B61
B62,PM21 4th Dryer 22 D31轉矩,BCDRY-ABB_B62
B63,PM21 4th Dryer 19 D32轉矩,BCDRY-ABB_B63
B64,PM21 5th Dryer 28 D33轉矩,BCDRY-ABB_B64
B65,PM21 5th Dryer 25 D34轉矩,BCDRY-ABB_B65
B66,PM21 5th Dryer 29 D35轉矩,BCDRY-ABB_B66
B67,PM21 Paper Roll (塗佈前張力轆) D36 轉矩,COATER-ABB_B67
B68,PM21 Paper Roll(塗前導紙轆) D37轉矩,COATER-ABB_B68
B69,PM21 Size Press BTM(塗佈下轆) D38轉矩,COATER-ABB_B69
B70,PM21 Size Press TOP(塗佈上轆) D39轉矩,COATER-ABB_B70
B71,PM21 Mounth Hope (IR擴張轆)D40轉矩,COATER-ABB_B71
B72,PM21 6th Dryer 34/36 D41轉矩,ACDRY-ABB_B72
B73,PM21 6th Dryer 30 D42轉矩,ACDRY-ABB_B73
B74,PM21 6th Dryer 31 D43轉矩,ACDRY-ABB_B74
B75,PM21 Paper Roll (壓光前張力轆) D44轉矩,ROLL-ABB_B75
B76,PM21 Mounth Hope (壓光前擴張轆)D45轉矩,ROLL-ABB_B76
B77,PM21 Calender Top CCR (壓光上轆) D46轉矩,ROLL-ABB_B77
B78,PM21 Calender BTM Roll(壓光下轆)D47轉矩,ROLL-ABB_B78
B79,PM21 Paper Roll (壓光導紙轆) D48轉矩,ROLL-ABB_B79
B80,PM21 Spresder Rool(捲取導紙轆) D49,ROLL-ABB_B80
B81,PM21 Reel Drum (捲紙筒轆) D50轉矩,ROLL-ABB_B81
B82,PM21 PA01 D58轉矩,MEDIC-ABB_B82
B83,PM21 PA02 D59轉矩,MEDIC-ABB_B83
B84,PM21 PA07 D60轉矩,MEDIC-ABB_B84
B85,PM21 塗布轆D39張力MV,SPEED_INFO-ABB_B85
B86,PM21 壓光轆D46張力MV,ROLL-ABB_B86
B87,PM21 6D張力,ACDRY-ABB_B87
B88,PM21 1-3P速比,PRESSDRY-ABB_B88
B89,PM21 4P速比,PRESSDRY-ABB_B89
B90,PM21 1D速比,BCDRY-ABB_B90
B91,PM21 2D速比,BCDRY-ABB_B91
B92,PM21 3D速比,BCDRY-ABB_B92
B93,PM21 4D速比,BCDRY-ABB_B93
B94,PM21 5D速比,BCDRY-ABB_B94
C1,PM21 1P下轆(VENT)管側水平向速度值,PRESSDRY-SKF_C1
C2,PM21 1P下轆(VENT)管側水平向包絡值,PRESSDRY-SKF_C2
C3,PM21 1P下轆(VENT)管側垂直向速度值,PRESSDRY-SKF_C3
C4,PM21 1P下轆(VENT)傳測水平向速度值,PRESSDRY-SKF_C4
C5,PM21 1P下轆(VENT)傳側水平向包絡值,PRESSDRY-SKF_C5
C6,PM21 1P下轆(VENT)傳側垂直向速度值,PRESSDRY-SKF_C6
C7,PM21 1P下轆(VENT)傳側軸向速度值,PRESSDRY-SKF_C7
C8,PM21 1P吸引壓榨轆管側水平向速度值 ,PRESSDRY-SKF_C8
C9,PM21 1P吸引壓榨轆管側水平向包絡值,PRESSDRY-SKF_C9
C10,PM21 1P吸引壓榨轆管側垂直向速度值,PRESSDRY-SKF_C10
C11,PM21 1P吸引壓榨轆傳側水平向速度值,PRESSDRY-SKF_C11
C12,PM21 1P吸引壓榨轆傳側水平向包絡值,PRESSDRY-SKF_C12
C13,PM21 1P吸引壓榨轆傳側垂直向速度值,PRESSDRY-SKF_C13
C14,PM21 1P吸引壓榨轆傳側軸向速度值,PRESSDRY-SKF_C14
C15,PM21 2P調曲轆管側水平向速度值,PRESSDRY-SKF_C15
C16,PM21 2P調曲轆管側水平向包絡值,PRESSDRY-SKF_C16
C17,PM21 2P調曲轆管側垂直向速度值,PRESSDRY-SKF_C17
C18,PM21 2P調曲轆傳側水平向速度值 ,PRESSDRY-SKF_C18
C19,PM21 2P調曲轆傳側水平向包絡值,PRESSDRY-SKF_C19
C20,PM21 2P調曲轆傳側垂直向速度值,PRESSDRY-SKF_C20
C21,PM21 2P調曲轆傳側軸向速度值,PRESSDRY-SKF_C21
C22,PM21 3P下轆管側水平向速度值,PRESSDRY-SKF_C22
C23,PM21 3P下轆管側水平向包絡值,PRESSDRY-SKF_C23
C24,PM21 3P下轆管側垂直向速度值,PRESSDRY-SKF_C24
C25,PM21 3P下轆傳側水平向速度值,PRESSDRY-SKF_C25
C26,PM21 3P下轆傳側水平向包絡值,PRESSDRY-SKF_C26
C27,PM21 3P下轆傳側垂直向速度值,PRESSDRY-SKF_C27
C28,PM21 3P下轆傳側軸向速度值,PRESSDRY-SKF_C28
C29,PM21 3P下轆南馬達水平向速度值,PRESSDRY-SKF_C29
C30,PM21 3P下轆南馬達水平向包絡值,PRESSDRY-SKF_C30
C31,PM21 3P下轆北馬達水平向速度值 ,PRESSDRY-SKF_C31
C32,PM21 3P下轆北馬達水平向包絡值,PRESSDRY-SKF_C32
C33,PM21 3P上轆管側水平向速度值,PRESSDRY-SKF_C33
C34,PM21 3P上轆管側水平向包絡值,PRESSDRY-SKF_C34
C35,PM21 3P上轆管側垂直向速度值,PRESSDRY-SKF_C35
C36,PM21 3P上轆傳側水平向速度值,PRESSDRY-SKF_C36
C37,PM21 3P上轆傳側水平向包絡值,PRESSDRY-SKF_C37
C38,PM21 3P上轆傳側垂直向速度值,PRESSDRY-SKF_C38
C39,PM21 3P上轆傳側軸向速度值,PRESSDRY-SKF_C39
C40,PM21 4P調曲轆管側水平向速度值,PRESSDRY-SKF_C40
C41,PM21 4P調曲轆管側水平向包絡值,PRESSDRY-SKF_C41
C42,PM21 4P調曲轆管側垂直向速度值,PRESSDRY-SKF_C42
C43,PM21 4P調曲轆傳側水平向速度值,PRESSDRY-SKF_C43
C44,PM21 4P調曲轆傳側水平向包絡值,PRESSDRY-SKF_C44
C45,PM21 4P調曲轆傳側垂直向速度值,PRESSDRY-SKF_C45
C46,PM21 4P調曲轆傳側軸向速度值,PRESSDRY-SKF_C46
C47,PM21 1P馬達轉速,PRESSDRY-SKF_C47
C48,PM21 線速度,PRESSDRY-SKF_C48
C49,PM21 1P下轆(VENT)轉速,PRESSDRY-SKF_C49
C50,PM21 1P吸引壓榨轆轉速,PRESSDRY-SKF_C50
C51,PM21 2P調曲轆轉速,PRESSDRY-SKF_C51
C52,PM21 3P上轆轉速,PRESSDRY-SKF_C52
C53,PM21 3P下轆轉速,PRESSDRY-SKF_C53
C54,PM21 4P調曲轆轉速,PRESSDRY-SKF_C54
D1,PM21 2P CCR 氣曩(傳側)空壓回授壓力,PRESSDRY-SIEMENS_D1
D2,PM21 2P CCR中高油壓回授壓力,PRESSDRY-SIEMENS_D2
D3,PM21 4P CCR 氣曩(傳側)空壓回授壓力,PRESSDRY-SIEMENS_D3
D4,PM21 4P CCR中高油壓回授壓力,PRESSDRY-SIEMENS_D4
D5,PM21 第一手臂HOOKS夾臂管側壓力檢出,ROLL-SIEMENS_D5
D6,PM21 第一手臂HOOKS夾臂傳側壓力檢出,ROLL-SIEMENS_D6
D7,PM21 第二手臂HOOKS夾臂管側壓力檢出,ROLL-SIEMENS_D7
D8,PM21 第二手臂HOOKS夾臂傳側壓力檢出,ROLL-SIEMENS_D8
D9,PM21 第一手臂退出檢出壓力,ROLL-SIEMENS_D9
D10,PM21 壓光油壓壓力檢出,ROLL-SIEMENS_D10
D11,PM21 第一手臂HOOKS管理側輸出空壓壓力,ROLL-SIEMENS_D11
D12,PM21 第一手臂HOOKS傳動側輸出空壓壓力,ROLL-SIEMENS_D12
D13,PM21 第一加壓手臂退出油壓壓力,ROLL-SIEMENS_D13
D14,PM21 第二手臂管理側輸出壓力,ROLL-SIEMENS_D14
D15,PM21 第二手臂傳動側輸出壓力,ROLL-SIEMENS_D15
D16,PM21 熱水站溫度,ROLL-SIEMENS_D16
D17,PM21 儲油槽溫度,ROLL-SIEMENS_D17
D18,PM21 塗佈油壓管理側,COATER-SIEMENS_D18
D19,PM21 塗佈油壓傳動側,COATER-SIEMENS_D19
D20,PM21 塗佈油壓缸管理側位置,COATER-SIEMENS_D20
D21,PM21 塗佈油壓缸傳動側位置,COATER-SIEMENS_D21
D22,PM21 塗佈棒管理側加壓值,COATER-SIEMENS_D22
D23,PM21 塗佈棒傳動側加壓值,COATER-SIEMENS_D23
D24,PM21 管理側旁流流量值,SHAP-SIEMENS_D24
D25,PM21 傳動側旁流流量值,SHAP-SIEMENS_D25
D26,PM21 上塗佈棒速度值,COATER-SIEMENS_D26
D27,PM21 下塗佈棒速度值,COATER-SIEMENS_D27
D28,PM21 上塗佈棒加壓值,COATER-SIEMENS_D28
D29,PM21 下塗佈棒加壓值,COATER-SIEMENS_D29
D30,PM21塗佈轆線壓數位顯示器,COATER-SIEMENS_D30
D31,PM21塗佈轆傳管線壓差值,COATER-SIEMENS_D31
D32,PM21 管理側比例閥壓力值,COATER-SIEMENS_D32
D33,PM21 傳動側比例閥壓力值,COATER-SIEMENS_D33
D34,PM21 管理側比例閥流量值,COATER-SIEMENS_D34
D35,PM21 傳動側比例閥流量值,COATER-SIEMENS_D35
D36,PM21 蒸氣氣閥開度,BCDRY-SIEMENS_D36
D37,PM21 3P供應桶油溫檢出回授,PRESSDRY-SIEMENS_D37
D38,PM21 3P油槽油溫檢出回授,PRESSDRY-SIEMENS_D38
D39,PM21 3P迴流油溫檢出回授,PRESSDRY-SIEMENS_D39
D40,PM21 3P供應控制閥油溫檢出回授,PRESSDRY-SIEMENS_D40
D41,PM21 3P加壓線壓檢出回授,PRESSDRY-SIEMENS_D41
D42,PM21 3P EDGE油壓線壓管理側檢出回授,PRESSDRY-SIEMENS_D42
D43,PM21 3P EDGE油壓線壓傳動側檢出回授,PRESSDRY-SIEMENS_D43
D44,PM21 3P P_ROLL油壓壓力值檢出回授,PRESSDRY-SIEMENS_D44
D45,PM21 3P SHOE PRESS油流量值檢出回授,PRESSDRY-SIEMENS_D45
D46,PM21 3P P_ROLL循環油流量值檢出回授,PRESSDRY-SIEMENS_D46
D47,PM21 3P P_ROLL軸承箱管理側油流量值檢出回授,PRESSDRY-SIEMENS_D47
D48,PM21 3P P_ROLL軸承箱傳動側油流量值檢出回授,PRESSDRY-SIEMENS_D48
D49,PM21 3P P_ROLL齒輪箱油流量值檢出回授,PRESSDRY-SIEMENS_D49
D50,PM21 3P P_ROLL油封管理側油流量值檢出回授,PRESSDRY-SIEMENS_D50
D51,PM21 3P P_ROLL油封傳動側油流量值檢出回授,PRESSDRY-SIEMENS_D51
D52,PM21 3P冷卻流量檢出回值,PRESSDRY-SIEMENS_D52
D53,PM21 NFP 油槽液位檢出位置,PRESSDRY-SIEMENS_D53
D54,PM21 3P襯毯真空壓力迴授值,PRESSDRY-SIEMENS_D54
D55,PM21 3P襯毯內部壓力迴授值,PRESSDRY-SIEMENS_D55
D56,PM21 3P加壓控制閥輸出壓力值,PRESSDRY-SIEMENS_D56
D57,PM21 3P EDGE 線壓管理側控制閥輸出壓力值,PRESSDRY-SIEMENS_D57
D58,PM21 3P EDGE 線壓傳動側控制閥輸出壓力值,PRESSDRY-SIEMENS_D58
D59,PM21 3P襯毯油流冷卻流量控制閥輸出壓力值,PRESSDRY-SIEMENS_D59
D60,PM21 3P襯毯控制閥輸出壓力值,PRESSDRY-SIEMENS_D60
D61,PM21 3P供應桶油溫輸出值,PRESSDRY-SIEMENS_D61
D62,PM21 3P供應桶油溫控制輸出值,PRESSDRY-SIEMENS_D62
D63,PM21 3P油槽油溫輸出值,PRESSDRY-SIEMENS_D63
D64,PM21 3P迴流油壓值輸出值,PRESSDRY-SIEMENS_D64
D65,PM21 3P加壓線壓輸出值,PRESSDRY-SIEMENS_D65
D66,PM21 3P比例閥線壓輸出值,PRESSDRY-SIEMENS_D66
D67,PM21 3P EDGE 線壓管理側輸出值,PRESSDRY-SIEMENS_D67
D68,PM21 3P EDGE 比例閥線壓管理側控制閥輸出值,PRESSDRY-SIEMENS_D68
D69,PM21 3P EDGE 線壓傳動側輸出值,PRESSDRY-SIEMENS_D69
D70,PM21 3P EDGE 比例閥線壓傳動側控制閥輸出值,PRESSDRY-SIEMENS_D70
D71,PM21 3P P_ROLL輸出壓力輸出值,PRESSDRY-SIEMENS_D71
D72,PM21 3P SHOE PRESS流量輸出值,PRESSDRY-SIEMENS_D72
D73,PM21 3P P_ROLL循環油流量輸出值,PRESSDRY-SIEMENS_D73
D74,PM21 3P P_ROLL軸承箱管理側輸出值,PRESSDRY-SIEMENS_D74
D75,PM21 3P P_ROLL軸承箱傳動側輸出值,PRESSDRY-SIEMENS_D75
D76,PM21 3P P_ROLL齒輪箱流量輸出值,PRESSDRY-SIEMENS_D76
D77,PM21 3P P_ROLL油封管理測循環油流量輸出值,PRESSDRY-SIEMENS_D77
D78,PM21 3P P_ROLL油封傳動側循環油流量輸出值,PRESSDRY-SIEMENS_D78
D79,PM21 3P襯毯冷卻流量值,PRESSDRY-SIEMENS_D79
D80,PM21 3P襯毯比例閥冷卻流量值,PRESSDRY-SIEMENS_D80
D81,PM21 NFP 油槽液位輸出值,PRESSDRY-SIEMENS_D81
D82,PM21 3P襯毯真空壓力輸出值,PRESSDRY-SIEMENS_D82
D83,PM21 3P襯毯內部壓力輸出值,PRESSDRY-SIEMENS_D83
D84,PM21 3P襯毯壓力控制閥輸出值,PRESSDRY-SIEMENS_D84
